channel,message_id,date,text,has_media,media_type,media_path,clean_text,amharic_text
ZemenExpress,6899,2025-06-06T12:01:04+00:00,"­ЪњЦ­ЪњЦ...................................­ЪњЦ­ЪњЦ

­ЪЊїOne Fire Table Lamp

­ЪЉЇрЅарЅ░рЅй рІерѕџрѕ░рѕФ 
­ЪЉЇрЅ╗рѕГрїЁ рІерѕџрІ░рѕерїЇ 
­ЪЉЇрѕѕрѕўріЮрЅ│ рЅцрЅх рЇБ рѕѕрѕ│рѕјріЋ рЇБ рѕѕ рѕєрЅ┤рѕјрЅй ріЦріЋрІ▓рѕЂрѕЮ рѕѕрЅБрІЮ рѕЕрѕЮ

рІІрїІрЇд┬а ­Ъњ▓­ЪЈи┬а 1900рЅЦрѕГ

РЎд№ИЈрІЇрѕхріЋ рЇЇрѕг ріљрІЇ рІФрѕѕрІЇ ­ЪћЦ­ЪћЦ­ЪћЦ

­ЪЈб ріарІхрѕФрѕ╗­ЪЉЅ

­ЪЊЇРЎд№ИЈ#рѕўрїѕріЊріЏ_рѕўрѕ░рѕерЅх_рІ░рЇІрѕГ_рѕърѕЇ_рѕЂрѕѕрЅ░ріЏ_рЇјрЅЁ рЅбрѕ« рЅЂ. S05/S06


┬а┬а┬а┬а ­ЪњД­ЪњД­ЪњД­ЪњД


┬а┬а┬а ­ЪЊ▓ 0902660722
┬а┬а┬а ­ЪЊ▓ 0928460606 

­Ъћќ
­ЪњгрЅаTelegram рѕѕрѕЏрІўрІЮ Рцх№ИЈ рІГрїарЅђрѕЎ­Ъћй

@zemencallcenter 

@zemenexpressadmin

рѕѕрЅ░рїерѕЏрѕф рѕЏрЅЦрѕФрѕфрІФ рІерЅ┤рѕїрїЇрѕФрѕЮ рїѕрЇЃрЅйріЋРцх№ИЈ
https://telegram.me/zemenexpress

­ЪњЦ­ЪњЦ...................................­ЪњЦ­ЪњЦ",True,document,,................................... One Fire Table Lamp рЅарЅ░рЅй рІерѕџрѕ░рѕФ рЅ╗рѕГрїЁ рІерѕџрІ░рѕерїЇ рѕѕрѕўріЮрЅ│ рЅцрЅх рЇБ рѕѕрѕ│рѕјріЋ рЇБ рѕѕ рѕєрЅ┤рѕјрЅй ріЦріЋрІ▓рѕЂрѕЮ рѕѕрЅБрІЮ рѕЕрѕЮ рІІрїІрЇд  1900рЅЦрѕГ рІЇрѕхріЋ рЇЇрѕг ріљрІЇ рІФрѕѕрІЇ   ріарІхрѕФрѕ╗ рѕўрїѕріЊріЏ_рѕўрѕ░рѕерЅх_рІ░рЇІрѕГ_рѕърѕЇ_рѕЂрѕѕрЅ░ріЏ_рЇјрЅЁ рЅбрѕ« рЅЂ. S05S06   0902660722  0928460606  рЅаTelegram рѕѕрѕЏрІўрІЮ  рІГрїарЅђрѕЎ zemencallcenter zemenexpressadmin рѕѕрЅ░рїерѕЏрѕф рѕЏрЅЦрѕФрѕфрІФ рІерЅ┤рѕїрїЇрѕФрѕЮ рїѕрЇЃрЅйріЋ  ...................................,рЅарЅ░рЅй рІерѕџрѕ░рѕФ рЅ╗рѕГрїЁ рІерѕџрІ░рѕерїЇ рѕѕрѕўріЮрЅ│ рЅцрЅх рЇБ рѕѕрѕ│рѕјріЋ рЇБ рѕѕ рѕєрЅ┤рѕјрЅй ріЦріЋрІ▓рѕЂрѕЮ рѕѕрЅБрІЮ рѕЕрѕЮ рІІрїІрЇд рЅЦрѕГ рІЇрѕхріЋ рЇЇрѕг ріљрІЇ рІФрѕѕрІЇ   ріарІхрѕФрѕ╗ рѕўрїѕріЊріЏ рѕўрѕ░рѕерЅх рІ░рЇІрѕГ рѕърѕЇ рѕЂрѕѕрЅ░ріЏ рЇјрЅЁ рЅбрѕ« рЅЂ рЅа рѕѕрѕЏрІўрІЮ  рІГрїарЅђрѕЎ рѕѕрЅ░рїерѕЏрѕф рѕЏрЅЦрѕФрѕфрІФ рІерЅ┤рѕїрїЇрѕФрѕЮ рїѕрЇЃрЅйріЋ
ZemenExpress,6892,2025-06-05T17:57:22+00:00,"­ЪњЦ­ЪњЦ...................................­ЪњЦ­ЪњЦ

­ЪЊїStainless steel potato masher

­Ъњ» Quality

рІІрїІрЇд┬а ­Ъњх­ЪЈи 450 рЅЦрѕГ

РЎд№ИЈрІЇрѕхріЋ рЇЇрѕг ріљрІЇ рІФрѕѕрІЇ ­Ъўђ­Ъўђ­Ъўђ

­ЪЈб ріарІхрѕФрѕ╗­ЪЉЅ

­ЪЊЇРЎд№ИЈ#рѕўрїѕріЊріЏ_рѕўрѕ░рѕерЅх_рІ░рЇІрѕГ_рѕърѕЇ_рѕЂрѕѕрЅ░ріЏ_рЇјрЅЁ рЅбрѕ« рЅЂ. S05/S06


┬а┬а┬а┬а ­ЪњД­ЪњД­ЪњД­ЪњД


┬а┬а┬а ­ЪЊ▓ 0902660722
┬а┬а┬а ­ЪЊ▓ 0928460606 

­Ъћќ
­ЪњгрЅаTelegram рѕѕрѕЏрІўрІЮ Рцх№ИЈ рІГрїарЅђрѕЎ­Ъћй

@zemencallcenter 

@zemenexpressadmin

рѕѕрЅ░рїерѕЏрѕф рѕЏрЅЦрѕФрѕфрІФ рІерЅ┤рѕїрїЇрѕФрѕЮ рїѕрЇЃрЅйріЋРцх№ИЈ
https://telegram.me/zemenexpress

­ЪњЦ­ЪњЦ...................................­ЪњЦ­ЪњЦ",True,photo,..\..\data\raw\media\ZemenExpress_6892.jpg,................................... Stainless steel potato masher  Quality рІІрїІрЇд  450 рЅЦрѕГ рІЇрѕхріЋ рЇЇрѕг ріљрІЇ рІФрѕѕрІЇ   ріарІхрѕФрѕ╗ рѕўрїѕріЊріЏ_рѕўрѕ░рѕерЅх_рІ░рЇІрѕГ_рѕърѕЇ_рѕЂрѕѕрЅ░ріЏ_рЇјрЅЁ рЅбрѕ« рЅЂ. S05S06   0902660722  0928460606  рЅаTelegram рѕѕрѕЏрІўрІЮ  рІГрїарЅђрѕЎ zemencallcenter zemenexpressadmin рѕѕрЅ░рїерѕЏрѕф рѕЏрЅЦрѕФрѕфрІФ рІерЅ┤рѕїрїЇрѕФрѕЮ рїѕрЇЃрЅйріЋ  ...................................,рІІрїІрЇд рЅЦрѕГ рІЇрѕхріЋ рЇЇрѕг ріљрІЇ рІФрѕѕрІЇ   ріарІхрѕФрѕ╗ рѕўрїѕріЊріЏ рѕўрѕ░рѕерЅх рІ░рЇІрѕГ рѕърѕЇ рѕЂрѕѕрЅ░ріЏ рЇјрЅЁ рЅбрѕ« рЅЂ рЅа рѕѕрѕЏрІўрІЮ  рІГрїарЅђрѕЎ рѕѕрЅ░рїерѕЏрѕф рѕЏрЅЦрѕФрѕфрІФ рІерЅ┤рѕїрїЇрѕФрѕЮ рїѕрЇЃрЅйріЋ
ZemenExpress,6982,2025-06-18T06:01:10+00:00,"­ЪњЦ­ЪњЦ...................................­ЪњЦ­ЪњЦ

­ЪЊїImitation Volcano Humidifier with LED Light

­ЪЉЇрЅаріцрѕїріГрЅхрѕфріГ:рІерѕџрѕ░рѕФ рѕѕрЅцрЅх рѕўрѕЇріФрѕЮ рѕўрІЊрІЏріЋ рІерѕџрѕ░рїЦ

рІІрїІрЇд┬а ­Ъњ▓­ЪЈи┬а 1400 рЅЦрѕГ

­ЪЊЇрІЇрѕхріЋ рЇЇрѕг ріљрІЇ рІФрѕѕріЋ­ЪћЦ­ЪћЦ­ЪћЦ

­ЪЈб ріарІхрѕФрѕ╗­ЪЉЅ

­ЪЊЇРЎд№ИЈ#рѕўрїѕріЊріЏ_рѕўрѕ░рѕерЅх_рІ░рЇІрѕГ_рѕърѕЇ_рѕЂрѕѕрЅ░ріЏ_рЇјрЅЁ рЅбрѕ« рЅЂ. S05/S06


┬а┬а┬а┬а ­ЪњД­ЪњД­ЪњД­ЪњД


┬а┬а┬а ­ЪЊ▓ 0902660722
┬а┬а┬а ­ЪЊ▓ 0928460606 

­Ъћќ
­ЪњгрЅаTelegram рѕѕрѕЏрІўрІЮ Рцх№ИЈ рІГрїарЅђрѕЎ­Ъћй

@zemencallcenter 

@zemenexpressadmin

рѕѕрЅ░рїерѕЏрѕф рѕЏрЅЦрѕФрѕфрІФ рІерЅ┤рѕїрїЇрѕФрѕЮ рїѕрЇЃрЅйріЋРцх№ИЈ
https://telegram.me/zemenexpress

­ЪњЦ­ЪњЦ...................................­ЪњЦ­ЪњЦ",True,document,,................................... Imitation Volcano Humidifier with LED Light рЅаріцрѕїріГрЅхрѕфріГрІерѕџрѕ░рѕФ рѕѕрЅцрЅх рѕўрѕЇріФрѕЮ рѕўрІЊрІЏріЋ рІерѕџрѕ░рїЦ рІІрїІрЇд  1400 рЅЦрѕГ рІЇрѕхріЋ рЇЇрѕг ріљрІЇ рІФрѕѕріЋ  ріарІхрѕФрѕ╗ рѕўрїѕріЊріЏ_рѕўрѕ░рѕерЅх_рІ░рЇІрѕГ_рѕърѕЇ_рѕЂрѕѕрЅ░ріЏ_рЇјрЅЁ рЅбрѕ« рЅЂ. S05S06   0902660722  0928460606  рЅаTelegram рѕѕрѕЏрІўрІЮ  рІГрїарЅђрѕЎ zemencallcenter zemenexpressadmin рѕѕрЅ░рїерѕЏрѕф рѕЏрЅЦрѕФрѕфрІФ рІерЅ┤рѕїрїЇрѕФрѕЮ рїѕрЇЃрЅйріЋ  ...................................,рЅаріцрѕїріГрЅхрѕфріГрІерѕџрѕ░рѕФ рѕѕрЅцрЅх рѕўрѕЇріФрѕЮ рѕўрІЊрІЏріЋ рІерѕџрѕ░рїЦ рІІрїІрЇд рЅЦрѕГ рІЇрѕхріЋ рЇЇрѕг ріљрІЇ рІФрѕѕріЋ  ріарІхрѕФрѕ╗ рѕўрїѕріЊріЏ рѕўрѕ░рѕерЅх рІ░рЇІрѕГ рѕърѕЇ рѕЂрѕѕрЅ░ріЏ рЇјрЅЁ рЅбрѕ« рЅЂ рЅа рѕѕрѕЏрІўрІЮ  рІГрїарЅђрѕЎ рѕѕрЅ░рїерѕЏрѕф рѕЏрЅЦрѕФрѕфрІФ рІерЅ┤рѕїрїЇрѕФрѕЮ рїѕрЇЃрЅйріЋ
ZemenExpress,6959,2025-06-14T07:39:01+00:00,"­ЪњЦ­ЪњЦ...................................­ЪњЦ­ЪњЦ

­ЪЊї5-in-1 Trouser Hanger рІерѕ▒рѕф рѕЏрѕхрЅђрѕўрїФ

рІІрїІрЇд┬а ­Ъњ▓­ЪЈи┬а 650 рЅЦрѕГ

­ЪЊЇрІЇрѕхріЋ рЇЇрѕг ріљрІЇ рІФрѕѕріЋ­ЪћЦ­ЪћЦ­ЪћЦ

­ЪЈб ріарІхрѕФрѕ╗­ЪЉЅ

­ЪЊЇРЎд№ИЈ#рѕўрїѕріЊріЏ_рѕўрѕ░рѕерЅх_рІ░рЇІрѕГ_рѕърѕЇ_рѕЂрѕѕрЅ░ріЏ_рЇјрЅЁ рЅбрѕ« рЅЂ. S05/S06


┬а┬а┬а┬а ­ЪњД­ЪњД­ЪњД­ЪњД


┬а┬а┬а ­ЪЊ▓ 0902660722
┬а┬а┬а ­ЪЊ▓ 0928460606 

­Ъћќ
­ЪњгрЅаTelegram рѕѕрѕЏрІўрІЮ Рцх№ИЈ рІГрїарЅђрѕЎ­Ъћй

@zemencallcenter 

@zemenexpressadmin

рѕѕрЅ░рїерѕЏрѕф рѕЏрЅЦрѕФрѕфрІФ рІерЅ┤рѕїрїЇрѕФрѕЮ рїѕрЇЃрЅйріЋРцх№ИЈ
https://telegram.me/zemenexpress

­ЪњЦ­ЪњЦ...................................­ЪњЦ­ЪњЦ",True,photo,..\..\data\raw\media\ZemenExpress_6959.jpg,................................... 5in1 Trouser Hanger рІерѕ▒рѕф рѕЏрѕхрЅђрѕўрїФ рІІрїІрЇд  650 рЅЦрѕГ рІЇрѕхріЋ рЇЇрѕг ріљрІЇ рІФрѕѕріЋ  ріарІхрѕФрѕ╗ рѕўрїѕріЊріЏ_рѕўрѕ░рѕерЅх_рІ░рЇІрѕГ_рѕърѕЇ_рѕЂрѕѕрЅ░ріЏ_рЇјрЅЁ рЅбрѕ« рЅЂ. S05S06   0902660722  0928460606  рЅаTelegram рѕѕрѕЏрІўрІЮ  рІГрїарЅђрѕЎ zemencallcenter zemenexpressadmin рѕѕрЅ░рїерѕЏрѕф рѕЏрЅЦрѕФрѕфрІФ рІерЅ┤рѕїрїЇрѕФрѕЮ рїѕрЇЃрЅйріЋ  ...................................,рІерѕ▒рѕф рѕЏрѕхрЅђрѕўрїФ рІІрїІрЇд рЅЦрѕГ рІЇрѕхріЋ рЇЇрѕг ріљрІЇ рІФрѕѕріЋ  ріарІхрѕФрѕ╗ рѕўрїѕріЊріЏ рѕўрѕ░рѕерЅх рІ░рЇІрѕГ рѕърѕЇ рѕЂрѕѕрЅ░ріЏ рЇјрЅЁ рЅбрѕ« рЅЂ рЅа рѕѕрѕЏрІўрІЮ  рІГрїарЅђрѕЎ рѕѕрЅ░рїерѕЏрѕф рѕЏрЅЦрѕФрѕфрІФ рІерЅ┤рѕїрїЇрѕФрѕЮ рїѕрЇЃрЅйріЋ
ZemenExpress,6906,2025-06-09T07:31:16+00:00,"­ЪњЦ­ЪњЦ...................................­ЪњЦ­ЪњЦ

­ЪЊїDoor Bottom Seal Strip Stopper
­ЪЉЇрЅарЅарѕГрІј рѕхрѕГ ріарЅДрѕФ ріЦріЊ ріљрЇЇрѕ│рЅх ріЦріЋрІ│рІГрїѕрЅБ 
┬а┬а┬а рІерѕџріерѕІріерѕЇ!!!
­Ъњ» High Quality 
┬«№ИЈ ріаріЋрІ░ріЏрІЇ рІѕрЇЇрѕФрѕЎ 

­Ъћ░Keep Hot and Cold Air isolated 
­Ъћ░ Reduce The Noise Outside and Door slamming 
­Ъћ░ No ­ЪдЪ ­Ъф░ ­Ъљђ ­Ъф│­ЪЋи№ИЈ­ЪљЏ­ЪдЌ
┬а┬а┬а

┬арІІрїІрЇд┬а ­Ъњх­ЪЈи┬а 400рЅЦрѕГ

РЎд№ИЈрІЇрѕхріЋ рЇЇрѕг ріљрІЇ рІФрѕѕрІЇ ­ЪћЦ­ЪћЦ­ЪћЦ

­ЪЈб ріарІхрѕФрѕ╗­ЪЉЅ

­ЪЊЇРЎд№ИЈ#рѕўрїѕріЊріЏ_рѕўрѕ░рѕерЅх_рІ░рЇІрѕГ_рѕърѕЇ_рѕЂрѕѕрЅ░ріЏ_рЇјрЅЁ рЅбрѕ« рЅЂ. S05/S06


┬а┬а┬а┬а ­ЪњД­ЪњД­ЪњД­ЪњД


┬а┬а┬а ­ЪЊ▓ 0902660722
┬а┬а┬а ­ЪЊ▓ 0928460606 

­Ъћќ
­ЪњгрЅаTelegram рѕѕрѕЏрІўрІЮ Рцх№ИЈ рІГрїарЅђрѕЎ­Ъћй

@zemencallcenter 

@zemenexpressadmin

рѕѕрЅ░рїерѕЏрѕф рѕЏрЅЦрѕФрѕфрІФ рІерЅ┤рѕїрїЇрѕФрѕЮ рїѕрЇЃрЅйріЋРцх№ИЈ
https://telegram.me/zemenexpress

­ЪњЦ­ЪњЦ...................................­ЪњЦ­ЪњЦ",True,photo,..\..\data\raw\media\ZemenExpress_6906.jpg,................................... Door Bottom Seal Strip Stopper рЅарЅарѕГрІј рѕхрѕГ ріарЅДрѕФ ріЦріЊ ріљрЇЇрѕ│рЅх ріЦріЋрІ│рІГрїѕрЅБ рІерѕџріерѕІріерѕЇ!!!  High Quality  ріаріЋрІ░ріЏрІЇ рІѕрЇЇрѕФрѕЎ Keep Hot and Cold Air isolated  Reduce The Noise Outside and Door slamming  No     рІІрїІрЇд  400рЅЦрѕГ рІЇрѕхріЋ рЇЇрѕг ріљрІЇ рІФрѕѕрІЇ   ріарІхрѕФрѕ╗ рѕўрїѕріЊріЏ_рѕўрѕ░рѕерЅх_рІ░рЇІрѕГ_рѕърѕЇ_рѕЂрѕѕрЅ░ріЏ_рЇјрЅЁ рЅбрѕ« рЅЂ. S05S06   0902660722  0928460606  рЅаTelegram рѕѕрѕЏрІўрІЮ  рІГрїарЅђрѕЎ zemencallcenter zemenexpressadmin рѕѕрЅ░рїерѕЏрѕф рѕЏрЅЦрѕФрѕфрІФ рІерЅ┤рѕїрїЇрѕФрѕЮ рїѕрЇЃрЅйріЋ  ...................................,рЅарЅарѕГрІј рѕхрѕГ ріарЅДрѕФ ріЦріЊ ріљрЇЇрѕ│рЅх ріЦріЋрІ│рІГрїѕрЅБ рІерѕџріерѕІріерѕЇ ріаріЋрІ░ріЏрІЇ рІѕрЇЇрѕФрѕЎ рІІрїІрЇд рЅЦрѕГ рІЇрѕхріЋ рЇЇрѕг ріљрІЇ рІФрѕѕрІЇ   ріарІхрѕФрѕ╗ рѕўрїѕріЊріЏ рѕўрѕ░рѕерЅх рІ░рЇІрѕГ рѕърѕЇ рѕЂрѕѕрЅ░ріЏ рЇјрЅЁ рЅбрѕ« рЅЂ рЅа рѕѕрѕЏрІўрІЮ  рІГрїарЅђрѕЎ рѕѕрЅ░рїерѕЏрѕф рѕЏрЅЦрѕФрѕфрІФ рІерЅ┤рѕїрїЇрѕФрѕЮ рїѕрЇЃрЅйріЋ
ZemenExpress,6916,2025-06-10T09:31:36+00:00,"­ЪњЦ­ЪњЦ...................................­ЪњЦ­ЪњЦ

­ЪЊї Mini Pocket UV Umbrella

­ЪЉЇ рІерЅђрѕѕрѕЮ ріарѕЏрѕФрїГ ріарѕІрЅИрІЇ

РўћрЅарїБрѕЮ рЅђрѕІрѕЇрЇБ рѕѕрѕўрІФрІЮ рѕЮрЅ╣ рїЦрѕІ Рўћ№ИЈ
РўћрЅарЅхріЋрѕй рІеріЦрїЁ рЅдрѕГрѕ│ рІѕрІГрѕЮ рЅаріфрѕх рѕўрІФрІЮ рІерѕџрЅйрѕЇРўћ

#Specifications: 
­ЪЉЇCompact & Light-Weight
­ЪЉЇUnique Design
­ЪЉЇUV protection

┬арІІрїІрЇд┬а ­Ъњх­ЪЈи┬а 1000рЅЦрѕГ

РЎд№ИЈрІЇрѕхріЋ рЇЇрѕг ріљрІЇ рІФрѕѕрІЇ ­ЪћЦ­ЪћЦ­ЪћЦ

­ЪЈб ріарІхрѕФрѕ╗­ЪЉЅ

­ЪЊЇРЎд№ИЈ#рѕўрїѕріЊріЏ_рѕўрѕ░рѕерЅх_рІ░рЇІрѕГ_рѕърѕЇ_рѕЂрѕѕрЅ░ріЏ_рЇјрЅЁ рЅбрѕ« рЅЂ. S05/S06


┬а┬а┬а┬а ­ЪњД­ЪњД­ЪњД­ЪњД


┬а┬а┬а ­ЪЊ▓ 0902660722
┬а┬а┬а ­ЪЊ▓ 0928460606 

­Ъћќ
­ЪњгрЅаTelegram рѕѕрѕЏрІўрІЮ Рцх№ИЈ рІГрїарЅђрѕЎ­Ъћй

@zemencallcenter 

@zemenexpressadmin

рѕѕрЅ░рїерѕЏрѕф рѕЏрЅЦрѕФрѕфрІФ рІерЅ┤рѕїрїЇрѕФрѕЮ рїѕрЇЃрЅйріЋРцх№ИЈ
https://telegram.me/zemenexpress

­ЪњЦ­ЪњЦ...................................­ЪњЦ­ЪњЦ",True,document,,...................................  Mini Pocket UV Umbrella  рІерЅђрѕѕрѕЮ ріарѕЏрѕФрїГ ріарѕІрЅИрІЇ рЅарїБрѕЮ рЅђрѕІрѕЇрЇБ рѕѕрѕўрІФрІЮ рѕЮрЅ╣ рїЦрѕІ  рЅарЅхріЋрѕй рІеріЦрїЁ рЅдрѕГрѕ│ рІѕрІГрѕЮ рЅаріфрѕх рѕўрІФрІЮ рІерѕџрЅйрѕЇ Specifications Compact  LightWeight Unique Design UV protection рІІрїІрЇд  1000рЅЦрѕГ рІЇрѕхріЋ рЇЇрѕг ріљрІЇ рІФрѕѕрІЇ   ріарІхрѕФрѕ╗ рѕўрїѕріЊріЏ_рѕўрѕ░рѕерЅх_рІ░рЇІрѕГ_рѕърѕЇ_рѕЂрѕѕрЅ░ріЏ_рЇјрЅЁ рЅбрѕ« рЅЂ. S05S06   0902660722  0928460606  рЅаTelegram рѕѕрѕЏрІўрІЮ  рІГрїарЅђрѕЎ zemencallcenter zemenexpressadmin рѕѕрЅ░рїерѕЏрѕф рѕЏрЅЦрѕФрѕфрІФ рІерЅ┤рѕїрїЇрѕФрѕЮ рїѕрЇЃрЅйріЋ  ...................................,рІерЅђрѕѕрѕЮ ріарѕЏрѕФрїГ ріарѕІрЅИрІЇ рЅарїБрѕЮ рЅђрѕІрѕЇрЇБ рѕѕрѕўрІФрІЮ рѕЮрЅ╣ рїЦрѕІ  рЅарЅхріЋрѕй рІеріЦрїЁ рЅдрѕГрѕ│ рІѕрІГрѕЮ рЅаріфрѕх рѕўрІФрІЮ рІерѕџрЅйрѕЇ рІІрїІрЇд рЅЦрѕГ рІЇрѕхріЋ рЇЇрѕг ріљрІЇ рІФрѕѕрІЇ   ріарІхрѕФрѕ╗ рѕўрїѕріЊріЏ рѕўрѕ░рѕерЅх рІ░рЇІрѕГ рѕърѕЇ рѕЂрѕѕрЅ░ріЏ рЇјрЅЁ рЅбрѕ« рЅЂ рЅа рѕѕрѕЏрІўрІЮ  рІГрїарЅђрѕЎ рѕѕрЅ░рїерѕЏрѕф рѕЏрЅЦрѕФрѕфрІФ рІерЅ┤рѕїрїЇрѕФрѕЮ рїѕрЇЃрЅйріЋ
ZemenExpress,6973,2025-06-16T05:11:57+00:00,"­ЪњЦ­ЪњЦ...................................­ЪњЦ­ЪњЦ

­ЪЊїSmart Usb Ultrasonic Car And Home┬а Air Humidifier With Colorful Led Light

┬а┬а┬а┬а┬а┬а┬а┬а┬а┬а┬а┬а┬а ­Ъњ»Original
┬а┬а┬а┬а┬а┬а┬а┬а┬а┬а┬а┬а┬а ­Ъњ»High-quality 

рЅаріцрѕїріГрЅхрѕфріГ рІерѕџрѕ░рѕФ 
­ЪЉЇрѕѕрЅцрЅхріЊ рѕѕрѕўріфріЊ рѕўрѕЇріФрѕЮ рѕўрІЊрІЏріЋ рІерѕџрѕ░рїЦ

­ЪЉЇElevate the comfort level within your living premises with this fantastic Green Lion Air Mist Humidifier.

рІІрїІрЇд┬а ­Ъњ▓­ЪЈи┬а 1100 рЅЦрѕГ

­ЪЊЇрІЇрѕхріЋ рЇЇрѕг ріљрІЇ рІФрѕѕріЋ­ЪћЦ­ЪћЦ­ЪћЦ

­ЪЈб ріарІхрѕФрѕ╗­ЪЉЅ

­ЪЊЇРЎд№ИЈ#рѕўрїѕріЊріЏ_рѕўрѕ░рѕерЅх_рІ░рЇІрѕГ_рѕърѕЇ_рѕЂрѕѕрЅ░ріЏ_рЇјрЅЁ рЅбрѕ« рЅЂ. S05/S06


┬а┬а┬а┬а ­ЪњД­ЪњД­ЪњД­ЪњД


┬а┬а┬а ­ЪЊ▓ 0902660722
┬а┬а┬а ­ЪЊ▓ 0928460606 

­Ъћќ
­ЪњгрЅаTelegram рѕѕрѕЏрІўрІЮ Рцх№ИЈ рІГрїарЅђрѕЎ­Ъћй

@zemencallcenter 

@zemenexpressadmin

рѕѕрЅ░рїерѕЏрѕф рѕЏрЅЦрѕФрѕфрІФ рІерЅ┤рѕїрїЇрѕФрѕЮ рїѕрЇЃрЅйріЋРцх№ИЈ
https://telegram.me/zemenexpress

­ЪњЦ­ЪњЦ...................................­ЪњЦ­ЪњЦ",True,photo,..\..\data\raw\media\ZemenExpress_6973.jpg,................................... Smart Usb Ultrasonic Car And Home Air Humidifier With Colorful Led Light Original Highquality рЅаріцрѕїріГрЅхрѕфріГ рІерѕџрѕ░рѕФ рѕѕрЅцрЅхріЊ рѕѕрѕўріфріЊ рѕўрѕЇріФрѕЮ рѕўрІЊрІЏріЋ рІерѕџрѕ░рїЦ Elevate the comfort level within your living premises with this fantastic Green Lion Air Mist Humidifier. рІІрїІрЇд  1100 рЅЦрѕГ рІЇрѕхріЋ рЇЇрѕг ріљрІЇ рІФрѕѕріЋ  ріарІхрѕФрѕ╗ рѕўрїѕріЊріЏ_рѕўрѕ░рѕерЅх_рІ░рЇІрѕГ_рѕърѕЇ_рѕЂрѕѕрЅ░ріЏ_рЇјрЅЁ рЅбрѕ« рЅЂ. S05S06   0902660722  0928460606  рЅаTelegram рѕѕрѕЏрІўрІЮ  рІГрїарЅђрѕЎ zemencallcenter zemenexpressadmin рѕѕрЅ░рїерѕЏрѕф рѕЏрЅЦрѕФрѕфрІФ рІерЅ┤рѕїрїЇрѕФрѕЮ рїѕрЇЃрЅйріЋ  ...................................,рЅаріцрѕїріГрЅхрѕфріГ рІерѕџрѕ░рѕФ рѕѕрЅцрЅхріЊ рѕѕрѕўріфріЊ рѕўрѕЇріФрѕЮ рѕўрІЊрІЏріЋ рІерѕџрѕ░рїЦ рІІрїІрЇд рЅЦрѕГ рІЇрѕхріЋ рЇЇрѕг ріљрІЇ рІФрѕѕріЋ  ріарІхрѕФрѕ╗ рѕўрїѕріЊріЏ рѕўрѕ░рѕерЅх рІ░рЇІрѕГ рѕърѕЇ рѕЂрѕѕрЅ░ріЏ рЇјрЅЁ рЅбрѕ« рЅЂ рЅа рѕѕрѕЏрІўрІЮ  рІГрїарЅђрѕЎ рѕѕрЅ░рїерѕЏрѕф рѕЏрЅЦрѕФрѕфрІФ рІерЅ┤рѕїрїЇрѕФрѕЮ рїѕрЇЃрЅйріЋ
ZemenExpress,6912,2025-06-09T12:49:32+00:00,"­ЪњЦ­ЪњЦ...................................­ЪњЦ­ЪњЦ

­ЪЊїWaterproof┬а Baby Urine Mat Cover

Рюћ№ИЈрІЇрѕЃ рІерѕЏрІФрѕхрїѕрЅБ ріЦріЋрІ░рїѕріЊ рѕірЅ│рїарЅЦ рІерѕџрЅйрѕЇ рІерѕЋрЇЃріЋ рІерѕйріЋрЅх рѕЮріЋрїБрЇЇрЇб
Рюћ№ИЈ рЅарЅ░рїерѕЏрѕфрѕЮ рІ│рІГрЇљрѕГ рѕѕрѕўрЅђрІерѕГ рІерѕџрІФрїѕрѕѕрїЇрѕЇ

Рюћ№ИЈReusable 
Рюћ№ИЈWashable

Рџа№ИЈSize: 1m├Ќ80cm

рІІрїІрЇд┬а­Ъњх­ЪЈи 650рЅЦрѕГРюЁ

РЎд№ИЈрІЇрѕхріЋ рЇЇрѕг ріљрІЇ рІФрѕѕрІЇ ­ЪћЦ­ЪћЦ­ЪћЦ

­ЪЈб ріарІхрѕФрѕ╗­ЪЉЅ

­ЪЊЇРЎд№ИЈ#рѕўрїѕріЊріЏ_рѕўрѕ░рѕерЅх_рІ░рЇІрѕГ_рѕърѕЇ_рѕЂрѕѕрЅ░ріЏ_рЇјрЅЁ рЅбрѕ« рЅЂ. S05/S06


┬а┬а┬а┬а ­ЪњД­ЪњД­ЪњД­ЪњД


┬а┬а┬а ­ЪЊ▓ 0902660722
┬а┬а┬а ­ЪЊ▓ 0928460606 

­Ъћќ
­ЪњгрЅаTelegram рѕѕрѕЏрІўрІЮ Рцх№ИЈ рІГрїарЅђрѕЎ­Ъћй

@zemencallcenter 

@zemenexpressadmin

рѕѕрЅ░рїерѕЏрѕф рѕЏрЅЦрѕФрѕфрІФ рІерЅ┤рѕїрїЇрѕФрѕЮ рїѕрЇЃрЅйріЋРцх№ИЈ
https://telegram.me/zemenexpress

­ЪњЦ­ЪњЦ...................................­ЪњЦ­ЪњЦ",True,photo,..\..\data\raw\media\ZemenExpress_6912.jpg,................................... Waterproof Baby Urine Mat Cover рІЇрѕЃ рІерѕЏрІФрѕхрїѕрЅБ ріЦріЋрІ░рїѕріЊ рѕірЅ│рїарЅЦ рІерѕџрЅйрѕЇ рІерѕЋрЇЃріЋ рІерѕйріЋрЅх рѕЮріЋрїБрЇЇрЇб  рЅарЅ░рїерѕЏрѕфрѕЮ рІ│рІГрЇљрѕГ рѕѕрѕўрЅђрІерѕГ рІерѕџрІФрїѕрѕѕрїЇрѕЇ Reusable Washable Size 1m80cm рІІрїІрЇд  650рЅЦрѕГ рІЇрѕхріЋ рЇЇрѕг ріљрІЇ рІФрѕѕрІЇ   ріарІхрѕФрѕ╗ рѕўрїѕріЊріЏ_рѕўрѕ░рѕерЅх_рІ░рЇІрѕГ_рѕърѕЇ_рѕЂрѕѕрЅ░ріЏ_рЇјрЅЁ рЅбрѕ« рЅЂ. S05S06   0902660722  0928460606  рЅаTelegram рѕѕрѕЏрІўрІЮ  рІГрїарЅђрѕЎ zemencallcenter zemenexpressadmin рѕѕрЅ░рїерѕЏрѕф рѕЏрЅЦрѕФрѕфрІФ рІерЅ┤рѕїрїЇрѕФрѕЮ рїѕрЇЃрЅйріЋ  ...................................,рІЇрѕЃ рІерѕЏрІФрѕхрїѕрЅБ ріЦріЋрІ░рїѕріЊ рѕірЅ│рїарЅЦ рІерѕџрЅйрѕЇ рІерѕЋрЇЃріЋ рІерѕйріЋрЅх рѕЮріЋрїБрЇЇрЇб  рЅарЅ░рїерѕЏрѕфрѕЮ рІ│рІГрЇљрѕГ рѕѕрѕўрЅђрІерѕГ рІерѕџрІФрїѕрѕѕрїЇрѕЇ рІІрїІрЇд рЅЦрѕГ рІЇрѕхріЋ рЇЇрѕг ріљрІЇ рІФрѕѕрІЇ   ріарІхрѕФрѕ╗ рѕўрїѕріЊріЏ рѕўрѕ░рѕерЅх рІ░рЇІрѕГ рѕърѕЇ рѕЂрѕѕрЅ░ріЏ рЇјрЅЁ рЅбрѕ« рЅЂ рЅа рѕѕрѕЏрІўрІЮ  рІГрїарЅђрѕЎ рѕѕрЅ░рїерѕЏрѕф рѕЏрЅЦрѕФрѕфрІФ рІерЅ┤рѕїрїЇрѕФрѕЮ рїѕрЇЃрЅйріЋ
ZemenExpress,6923,2025-06-11T04:54:56+00:00,"­ЪњЦ­ЪЉђ ріарѕЇрЅІрѕЇ рѕѕрЅ░рЅБрѕІрЅйрѕЂ рЅарІхрїІрѕю рїѕрЅЦрЅирѕЇ ­ЪњЦ­ЪњЦ

­ЪЊї Only baby 3in1 double bottle milk warmer,sterilizer,food steamer

РџА№ИЈрѕѕрѕЋрЇЃріЋ рІѕрЅ░рЅх рѕЏрѕърЅѓрІФ
Рџа№ИЈ рЅарЅ░рїерѕЏрѕф рѕЮрїЇрЅЦ рѕѕрѕўрЅђрЅђрѕЇ рІерѕџрѕєріЋ 

рІІрїІрЇд┬а ­Ъњ▓­ЪЈи┬а3000┬а рЅЦрѕГ

РЎд№ИЈрІЇрѕхріЋ рЇЇрѕг ріљрІЇ рІФрѕѕрІЇ­ЪћЦ­ЪћЦ­ЪћЦ

­ЪЈб ріарІхрѕФрѕ╗­ЪЉЅ

­ЪЊЇРЎд№ИЈ#рѕўрїѕріЊріЏ_рѕўрѕ░рѕерЅх_рІ░рЇІрѕГ_рѕърѕЇ_рѕЂрѕѕрЅ░ріЏ_рЇјрЅЁ рЅбрѕ« рЅЂ. S05/S06


┬а┬а┬а┬а ­ЪњД­ЪњД­ЪњД­ЪњД


┬а┬а┬а ­ЪЊ▓ 0902660722
┬а┬а┬а ­ЪЊ▓ 0928460606 

­Ъћќ
­ЪњгрЅаTelegram рѕѕрѕЏрІўрІЮ Рцх№ИЈ рІГрїарЅђрѕЎ­Ъћй

@zemencallcenter 

@zemenexpressadmin

рѕѕрЅ░рїерѕЏрѕф рѕЏрЅЦрѕФрѕфрІФ рІерЅ┤рѕїрїЇрѕФрѕЮ рїѕрЇЃрЅйріЋРцх№ИЈ
https://telegram.me/zemenexpress

­ЪњЦ­ЪњЦ...................................­ЪњЦ­ЪњЦ",True,photo,..\..\data\raw\media\ZemenExpress_6923.jpg," ріарѕЇрЅІрѕЇ рѕѕрЅ░рЅБрѕІрЅйрѕЂ рЅарІхрїІрѕю рїѕрЅЦрЅирѕЇ   Only baby 3in1 double bottle milk warmer,sterilizer,food steamer рѕѕрѕЋрЇЃріЋ рІѕрЅ░рЅх рѕЏрѕърЅѓрІФ  рЅарЅ░рїерѕЏрѕф рѕЮрїЇрЅЦ рѕѕрѕўрЅђрЅђрѕЇ рІерѕџрѕєріЋ рІІрїІрЇд  3000 рЅЦрѕГ рІЇрѕхріЋ рЇЇрѕг ріљрІЇ рІФрѕѕрІЇ  ріарІхрѕФрѕ╗ рѕўрїѕріЊріЏ_рѕўрѕ░рѕерЅх_рІ░рЇІрѕГ_рѕърѕЇ_рѕЂрѕѕрЅ░ріЏ_рЇјрЅЁ рЅбрѕ« рЅЂ. S05S06   0902660722  0928460606  рЅаTelegram рѕѕрѕЏрІўрІЮ  рІГрїарЅђрѕЎ zemencallcenter zemenexpressadmin рѕѕрЅ░рїерѕЏрѕф рѕЏрЅЦрѕФрѕфрІФ рІерЅ┤рѕїрїЇрѕФрѕЮ рїѕрЇЃрЅйріЋ  ...................................",ріарѕЇрЅІрѕЇ рѕѕрЅ░рЅБрѕІрЅйрѕЂ рЅарІхрїІрѕю рїѕрЅЦрЅирѕЇ рѕѕрѕЋрЇЃріЋ рІѕрЅ░рЅх рѕЏрѕърЅѓрІФ  рЅарЅ░рїерѕЏрѕф рѕЮрїЇрЅЦ рѕѕрѕўрЅђрЅђрѕЇ рІерѕџрѕєріЋ рІІрїІрЇд рЅЦрѕГ рІЇрѕхріЋ рЇЇрѕг ріљрІЇ рІФрѕѕрІЇ  ріарІхрѕФрѕ╗ рѕўрїѕріЊріЏ рѕўрѕ░рѕерЅх рІ░рЇІрѕГ рѕърѕЇ рѕЂрѕѕрЅ░ріЏ рЇјрЅЁ рЅбрѕ« рЅЂ рЅа рѕѕрѕЏрІўрІЮ  рІГрїарЅђрѕЎ рѕѕрЅ░рїерѕЏрѕф рѕЏрЅЦрѕФрѕфрІФ рІерЅ┤рѕїрїЇрѕФрѕЮ рїѕрЇЃрЅйріЋ
ZemenExpress,6947,2025-06-13T08:42:42+00:00,"­ЪњЦ­ЪњЦ...................................­ЪњЦ­ЪњЦ

­ЪЊї Shock and Noise Cancelling Washing Machine Support

­ЪЉЇWasher and Dryer Pedestals,Anti Slip Anti Vibration Rubber Washing Machine Feet Pads
­ЪЉЇWashing Machine Stabilizer for Raise Height 
­ЪЉЇReduce Noise 4PCS

рІІрїІрЇд┬а ­Ъњ▓­ЪЈи┬а 500 рЅЦрѕГ

­ЪЊЇрІЇрѕхріЋ рЇЇрѕг ріљрІЇ рІФрѕѕріЋ­ЪћЦ­ЪћЦ­ЪћЦ

­ЪЈб ріарІхрѕФрѕ╗­ЪЉЅ

­ЪЊЇРЎд№ИЈ#рѕўрїѕріЊріЏ_рѕўрѕ░рѕерЅх_рІ░рЇІрѕГ_рѕърѕЇ_рѕЂрѕѕрЅ░ріЏ_рЇјрЅЁ рЅбрѕ« рЅЂ. S05/S06


┬а┬а┬а┬а ­ЪњД­ЪњД­ЪњД­ЪњД


┬а┬а┬а ­ЪЊ▓ 0902660722
┬а┬а┬а ­ЪЊ▓ 0928460606 

­Ъћќ
­ЪњгрЅаTelegram рѕѕрѕЏрІўрІЮ Рцх№ИЈ рІГрїарЅђрѕЎ­Ъћй

@zemencallcenter 

@zemenexpressadmin

рѕѕрЅ░рїерѕЏрѕф рѕЏрЅЦрѕФрѕфрІФ рІерЅ┤рѕїрїЇрѕФрѕЮ рїѕрЇЃрЅйріЋРцх№ИЈ
https://telegram.me/zemenexpress

­ЪњЦ­ЪњЦ...................................­ЪњЦ­ЪњЦ",True,photo,..\..\data\raw\media\ZemenExpress_6947.jpg,"...................................  Shock and Noise Cancelling Washing Machine Support Washer and Dryer Pedestals,Anti Slip Anti Vibration Rubber Washing Machine Feet Pads Washing Machine Stabilizer for Raise Height Reduce Noise 4PCS рІІрїІрЇд  500 рЅЦрѕГ рІЇрѕхріЋ рЇЇрѕг ріљрІЇ рІФрѕѕріЋ  ріарІхрѕФрѕ╗ рѕўрїѕріЊріЏ_рѕўрѕ░рѕерЅх_рІ░рЇІрѕГ_рѕърѕЇ_рѕЂрѕѕрЅ░ріЏ_рЇјрЅЁ рЅбрѕ« рЅЂ. S05S06   0902660722  0928460606  рЅаTelegram рѕѕрѕЏрІўрІЮ  рІГрїарЅђрѕЎ zemencallcenter zemenexpressadmin рѕѕрЅ░рїерѕЏрѕф рѕЏрЅЦрѕФрѕфрІФ рІерЅ┤рѕїрїЇрѕФрѕЮ рїѕрЇЃрЅйріЋ  ...................................",рІІрїІрЇд рЅЦрѕГ рІЇрѕхріЋ рЇЇрѕг ріљрІЇ рІФрѕѕріЋ  ріарІхрѕФрѕ╗ рѕўрїѕріЊріЏ рѕўрѕ░рѕерЅх рІ░рЇІрѕГ рѕърѕЇ рѕЂрѕѕрЅ░ріЏ рЇјрЅЁ рЅбрѕ« рЅЂ рЅа рѕѕрѕЏрІўрІЮ  рІГрїарЅђрѕЎ рѕѕрЅ░рїерѕЏрѕф рѕЏрЅЦрѕФрѕфрІФ рІерЅ┤рѕїрїЇрѕФрѕЮ рїѕрЇЃрЅйріЋ
nevacomputer,8709,2024-12-07T06:33:16+00:00,"­Ъћц­Ъћц­Ъћц­ЪЁ░№ИЈ
­Ъћц­Ъћц­Ъћц­Ъћц­Ъћц­Ъћц­Ъћц­Ъћц
**
****#9th**** generation **workstation laptop Рюћ№ИЈ**
****#USA**** STANDARD **
­ЪЁЉ№Иј­ЪЁА№Иј­ЪЁљ№Иј­ЪЁЮ№Иј­ЪЁЊ№Иј :** LENOVO thinkpad p50**
Рюе­ЪЁЊ№Иј­ЪЁў№Иј­ЪЁб№Иј­ЪЁЪ№Иј­ЪЁЏ№Иј­ЪЁљ№Иј­ЪЁе№Иј: **15.6РђЮ 4k screen **
Рюе­ЪЁњ№Иј­ЪЁЪ№Иј­ЪЁц№Иј: CORE I7 8th genРЮц№ИЈ  12 cpu
Рюе­ЪЁА№Иј­ЪЁљ№Иј­ЪЁю№Иј:16GB ­ЮЌЌ­ЮЌЌ­ЮЌЦ4 
Рюе­ЪЁб№Иј­ЪЁБ№Иј­ЪЁъ№Иј­ЪЁА№Иј­ЪЁљ№Иј­ЪЁќ№Иј: 512 GB SSD
Рюе­ЪЁќ№Иј­ЪЁА№Иј­ЪЁљ№Иј­ЪЁЪ№Иј­ЪЁЌ№Иј­ЪЁў№Иј­ЪЁњ№Иј­ЪЁб№Иј: 4GB NIVIDIA QUADRO T2000
Рюе­ЪЁъ№Иј­ЪЁб№Иј:­Юўё­ЮЌХ­ЮЌ╗­ЮЌ▒­ЮЌ╝­Юўё­Юўђ 11 pro 22H2 
Рюе­ЪЁЉ№Иј­ЪЁљ№Иј­ЪЁБ№Иј­ЪЁБ№Иј­ЪЁћ№Иј­ЪЁА№Иј­ЪЁе№Иј: 6HR
Рюе­ЪЁб№Иј­ЪЁБ№Иј­ЪЁљ№Иј­ЪЁБ№Иј­ЪЁц№Иј­ЪЁб№Иј: openbox
Price  87000
­ЪЊЕ@rasneva рѕѕріарїГрѕГ рѕўрѕЇріЦріГрЅх
­ЪЈб ріарІхрѕФрѕ╗: - рѕўрїѕріЊріЏ рѕЏрѕФрЅХріЋ рІе рїѕрЅарІФ рѕЏріЦріерѕЇ рЅа рІІріЊрІЇ рѕўрїЇрЅбрІФ рѕўрѕгрЅх рѕІрІГ
рІѕрІГріЋрѕЮ рїЇрѕФрІЇріЋрІх рЇЇрѕјрѕГ рЅЦрЅЁ рІГрЅарѕЅ
 ­ЪЉЅріљрЅФ рі«рѕЮрЇњрІЇрЅ░рѕГ­ЪЉѕ рѕўрѕєріЉріЋ рІФрѕерїІрїЇрїА

рІхрѕЁрѕе рїѕрї╗рЅйріЋріЋ рІГрїјрЅЦріЎ
www.nevacomputer.com

рЅ┤рѕїрїЇрѕФрѕЮ рЅ╗ріЊрѕІрЅйріЋріЋ рІГрЅђрѕІрЅђрѕЅ

https://t.me/nevacomputer

     ­Ъћа­Ъћа­Ъћа­ЪЁ░№ИЈ ­Ъћа­Ъћа­Ъћа­Ъћа­Ъћа­Ъћа­Ъћа­Ъћа",True,photo,..\..\data\raw\media\nevacomputer_8709.jpg,   9th generation workstation laptop  USA STANDARD    LENOVO thinkpad p50  15.6 4k screen   CORE I7 8th gen 12 cpu 16GB ­ЮЌЌ­ЮЌЌ­ЮЌЦ4  512 GB SSD  4GB NIVIDIA QUADRO T2000 ­Юўё­ЮЌХ­ЮЌ╗­ЮЌ▒­ЮЌ╝­Юўё­Юўђ 11 pro 22H2  6HR  openbox Price 87000 rasneva рѕѕріарїГрѕГ рѕўрѕЇріЦріГрЅх  ріарІхрѕФрѕ╗  рѕўрїѕріЊріЏ рѕЏрѕФрЅХріЋ рІе рїѕрЅарІФ рѕЏріЦріерѕЇ рЅа рІІріЊрІЇ рѕўрїЇрЅбрІФ рѕўрѕгрЅх рѕІрІГ рІѕрІГріЋрѕЮ рїЇрѕФрІЇріЋрІх рЇЇрѕјрѕГ рЅЦрЅЁ рІГрЅарѕЅ ріљрЅФ рі«рѕЮрЇњрІЇрЅ░рѕГ рѕўрѕєріЉріЋ рІФрѕерїІрїЇрїА рІхрѕЁрѕе рїѕрї╗рЅйріЋріЋ рІГрїјрЅЦріЎ  рЅ┤рѕїрїЇрѕФрѕЮ рЅ╗ріЊрѕІрЅйріЋріЋ рІГрЅђрѕІрЅђрѕЅ   ,рѕѕріарїГрѕГ рѕўрѕЇріЦріГрЅх  ріарІхрѕФрѕ╗  рѕўрїѕріЊріЏ рѕЏрѕФрЅХріЋ рІе рїѕрЅарІФ рѕЏріЦріерѕЇ рЅа рІІріЊрІЇ рѕўрїЇрЅбрІФ рѕўрѕгрЅх рѕІрІГ рІѕрІГріЋрѕЮ рїЇрѕФрІЇріЋрІх рЇЇрѕјрѕГ рЅЦрЅЁ рІГрЅарѕЅ ріљрЅФ рі«рѕЮрЇњрІЇрЅ░рѕГ рѕўрѕєріЉріЋ рІФрѕерїІрїЇрїА рІхрѕЁрѕе рїѕрї╗рЅйріЋріЋ рІГрїјрЅЦріЎ  рЅ┤рѕїрїЇрѕФрѕЮ рЅ╗ріЊрѕІрЅйріЋріЋ рІГрЅђрѕІрЅђрѕЅ
nevacomputer,8728,2025-03-20T12:40:01+00:00,"**#HP**
­ЪЁЉ№Иј­ЪЁА№Иј­ЪЁљ№Иј­ЪЁЮ№Иј­ЪЁЊ№Иј :** HP PAVILION **
Рюе­ЪЁЊ№Иј­ЪЁў№Иј­ЪЁб№Иј­ЪЁЪ№Иј­ЪЁЏ№Иј­ЪЁљ№Иј­ЪЁе№Иј:14РђЮ
Рюе­ЪЁњ№Иј­ЪЁЪ№Иј­ЪЁц№Иј: CORE I5 10th generation 
Рюе­ЪЁА№Иј­ЪЁљ№Иј­ЪЁю№Иј:16 GB ­ЮЌЌ­ЮЌЌ­ЮЌЦ4
Рюе­ЪЁб№Иј­ЪЁБ№Иј­ЪЁъ№Иј­ЪЁА№Иј­ЪЁљ№Иј­ЪЁќ№Иј: 512 GB SSD 
Рюе­ЪЁќ№Ијraphics: 2GB MX450 graphics card 
Рюе­ЪЁъ№Иј­ЪЁб№Иј:window 11 pro 
Рюе­ЪЁЉ№Иј­ЪЁљ№Иј­ЪЁБ№Иј­ЪЁБ№Иј­ЪЁћ№Иј­ЪЁА№Иј­ЪЁе№Иј: 5HR
Рюе­ЪЁб№Иј­ЪЁБ№Иј­ЪЁљ№Иј­ЪЁБ№Иј­ЪЁц№Иј­ЪЁб№Иј:  brand new
Price  ­ЪЉЄ
­ЪЊЕ@rasneva рѕѕріарїГрѕГ рѕўрѕЇріЦріГрЅх
 рІГрІ░рІЅрѕЅ Рўј№ИЈ

­ЪЈб ріарІхрѕФрѕ╗: - рѕўрїѕріЊріЏ рѕЏрѕФрЅХріЋ рІе рїѕрЅарІФ рѕЏріЦріерѕЇ рЅа рІІріЊрІЇ рѕўрїЇрЅбрІФ рѕўрѕгрЅх рѕІрІГ
рІѕрІГріЋрѕЮ рїЇрѕФрІЇріЋрІх рЇЇрѕјрѕГ рЅЦрЅЁ рІГрЅарѕЅ
 ­ЪЉЅріљрЅФ рі«рѕЮрЇњрІЇрЅ░рѕГ­ЪЉѕ рѕўрѕєріЉріЋ рІФрѕерїІрїЇрїА

рІхрѕЁрѕе рїѕрї╗рЅйріЋріЋ рІГрїјрЅЦріЎ
www.nevacomputer.com

рЅ┤рѕїрїЇрѕФрѕЮ рЅ╗ріЊрѕІрЅйріЋріЋ рІГрЅђрѕІрЅђрѕЅ

https://t.me/nevacomputer",True,photo,..\..\data\raw\media\nevacomputer_8728.jpg,HP   HP PAVILION  14  CORE I5 10th generation 16 GB ­ЮЌЌ­ЮЌЌ­ЮЌЦ4  512 GB SSD raphics 2GB MX450 graphics card window 11 pro  5HR  brand new Price  rasneva рѕѕріарїГрѕГ рѕўрѕЇріЦріГрЅх рІГрІ░рІЅрѕЅ   ріарІхрѕФрѕ╗  рѕўрїѕріЊріЏ рѕЏрѕФрЅХріЋ рІе рїѕрЅарІФ рѕЏріЦріерѕЇ рЅа рІІріЊрІЇ рѕўрїЇрЅбрІФ рѕўрѕгрЅх рѕІрІГ рІѕрІГріЋрѕЮ рїЇрѕФрІЇріЋрІх рЇЇрѕјрѕГ рЅЦрЅЁ рІГрЅарѕЅ ріљрЅФ рі«рѕЮрЇњрІЇрЅ░рѕГ рѕўрѕєріЉріЋ рІФрѕерїІрїЇрїА рІхрѕЁрѕе рїѕрї╗рЅйріЋріЋ рІГрїјрЅЦріЎ  рЅ┤рѕїрїЇрѕФрѕЮ рЅ╗ріЊрѕІрЅйріЋріЋ рІГрЅђрѕІрЅђрѕЅ ,рѕѕріарїГрѕГ рѕўрѕЇріЦріГрЅх рІГрІ░рІЅрѕЅ   ріарІхрѕФрѕ╗  рѕўрїѕріЊріЏ рѕЏрѕФрЅХріЋ рІе рїѕрЅарІФ рѕЏріЦріерѕЇ рЅа рІІріЊрІЇ рѕўрїЇрЅбрІФ рѕўрѕгрЅх рѕІрІГ рІѕрІГріЋрѕЮ рїЇрѕФрІЇріЋрІх рЇЇрѕјрѕГ рЅЦрЅЁ рІГрЅарѕЅ ріљрЅФ рі«рѕЮрЇњрІЇрЅ░рѕГ рѕўрѕєріЉріЋ рІФрѕерїІрїЇрїА рІхрѕЁрѕе рїѕрї╗рЅйріЋріЋ рІГрїјрЅЦріЎ  рЅ┤рѕїрїЇрѕФрѕЮ рЅ╗ріЊрѕІрЅйріЋріЋ рІГрЅђрѕІрЅђрѕЅ
nevacomputer,8755,2025-05-09T15:26:00+00:00,"**#WORKSTATION****  **Рюћ№ИЈ**
****#student**** offer 
****#europa**** standard ­ЪЌ»№ИЈ**
­ЪЁЉ№Иј­ЪЁА№Иј­ЪЁљ№Иј­ЪЁЮ№Иј­ЪЁЊ№Иј :** DELL PRECISION **
Рюе­ЪЁЊ№Иј­ЪЁў№Иј­ЪЁб№Иј­ЪЁЪ№Иј­ЪЁЏ№Иј­ЪЁљ№Иј­ЪЁе№Иј: **15.6 inch FHD**
Рюе­ЪЁњ№Иј­ЪЁЪ№Иј­ЪЁц№Иј: **CORE I7 9th gen­Ъњф**  
Рюе­ЪЁА№Иј­ЪЁљ№Иј­ЪЁю№Иј:32GB ­ЮЌЌ­ЮЌЌ­ЮЌЦ4 
Рюе­ЪЁб№Иј­ЪЁБ№Иј­ЪЁъ№Иј­ЪЁА№Иј­ЪЁљ№Иј­ЪЁќ№Иј: 1TB SSD 
Рюе­ЪЁќ№Иј­ЪЁА№Иј­ЪЁљ№Иј­ЪЁЪ№Иј­ЪЁЌ№Иј­ЪЁў№Иј­ЪЁњ№Иј­ЪЁб№Иј: 4GB NIVIDIA QUADRO T1000 (GTX 1650)
Рюе­ЪЁъ№Иј­ЪЁб№Иј:­Юўё­ЮЌХ­ЮЌ╗­ЮЌ▒­ЮЌ╝­Юўё­Юўђ 11 pro 22H2 
Рюе­ЪЁЉ№Иј­ЪЁљ№Иј­ЪЁБ№Иј­ЪЁБ№Иј­ЪЁћ№Иј­ЪЁА№Иј­ЪЁе№Иј: 5hr plus 
Price : 92000 birr
­ЪЊЕ@rasneva рѕѕріарїГрѕГ рѕўрѕЇріЦріГрЅх
 рІГрІ░рІЅрѕЅ Рўј№ИЈ
+251912759900
+251920153333

­ЪЈб ріарІхрѕФрѕ╗: - рѕўрїѕріЊріЏ рѕЏрѕФрЅХріЋ рІе рїѕрЅарІФ рѕЏріЦріерѕЇ рЅа рІІріЊрІЇ рѕўрїЇрЅбрІФ рѕўрѕгрЅх рѕІрІГ
рІѕрІГріЋрѕЮ рїЇрѕФрІЇріЋрІх рЇЇрѕјрѕГ рЅЦрЅЁ рІГрЅарѕЅ
 ­ЪЉЅріљрЅФ рі«рѕЮрЇњрІЇрЅ░рѕГ­ЪЉѕ рѕўрѕєріЉріЋ рІФрѕерїІрїЇрїА

рІхрѕЁрѕе рїѕрї╗рЅйріЋріЋ рІГрїјрЅЦріЎ
www.nevacomputer.com

рЅ┤рѕїрїЇрѕФрѕЮ рЅ╗ріЊрѕІрЅйріЋріЋ рІГрЅђрѕІрЅђрѕЅ

https://t.me/nevacomputer

     ­Ъћа­Ъћа­Ъћа­ЪЁ░№ИЈ ­Ъћа­Ъћа­Ъћа­Ъћа­Ъћа­Ъћа­Ъћа­Ъћа",True,photo,..\..\data\raw\media\nevacomputer_8755.jpg,WORKSTATION  student offer europa standard    DELL PRECISION   15.6 inch FHD  CORE I7 9th gen 32GB ­ЮЌЌ­ЮЌЌ­ЮЌЦ4  1TB SSD  4GB NIVIDIA QUADRO T1000 GTX 1650 ­Юўё­ЮЌХ­ЮЌ╗­ЮЌ▒­ЮЌ╝­Юўё­Юўђ 11 pro 22H2  5hr plus Price  92000 birr rasneva рѕѕріарїГрѕГ рѕўрѕЇріЦріГрЅх рІГрІ░рІЅрѕЅ  251912759900 251920153333  ріарІхрѕФрѕ╗  рѕўрїѕріЊріЏ рѕЏрѕФрЅХріЋ рІе рїѕрЅарІФ рѕЏріЦріерѕЇ рЅа рІІріЊрІЇ рѕўрїЇрЅбрІФ рѕўрѕгрЅх рѕІрІГ рІѕрІГріЋрѕЮ рїЇрѕФрІЇріЋрІх рЇЇрѕјрѕГ рЅЦрЅЁ рІГрЅарѕЅ ріљрЅФ рі«рѕЮрЇњрІЇрЅ░рѕГ рѕўрѕєріЉріЋ рІФрѕерїІрїЇрїА рІхрѕЁрѕе рїѕрї╗рЅйріЋріЋ рІГрїјрЅЦріЎ  рЅ┤рѕїрїЇрѕФрѕЮ рЅ╗ріЊрѕІрЅйріЋріЋ рІГрЅђрѕІрЅђрѕЅ   ,рѕѕріарїГрѕГ рѕўрѕЇріЦріГрЅх рІГрІ░рІЅрѕЅ ріарІхрѕФрѕ╗  рѕўрїѕріЊріЏ рѕЏрѕФрЅХріЋ рІе рїѕрЅарІФ рѕЏріЦріерѕЇ рЅа рІІріЊрІЇ рѕўрїЇрЅбрІФ рѕўрѕгрЅх рѕІрІГ рІѕрІГріЋрѕЮ рїЇрѕФрІЇріЋрІх рЇЇрѕјрѕГ рЅЦрЅЁ рІГрЅарѕЅ ріљрЅФ рі«рѕЮрЇњрІЇрЅ░рѕГ рѕўрѕєріЉріЋ рІФрѕерїІрїЇрїА рІхрѕЁрѕе рїѕрї╗рЅйріЋріЋ рІГрїјрЅЦріЎ  рЅ┤рѕїрїЇрѕФрѕЮ рЅ╗ріЊрѕІрЅйріЋріЋ рІГрЅђрѕІрЅђрѕЅ
nevacomputer,8730,2025-03-20T12:43:36+00:00,"**#EUROPE**** STANDARD **
­ЪЁЉ№Иј­ЪЁА№Иј­ЪЁљ№Иј­ЪЁЮ№Иј­ЪЁЊ№Иј :** DELL **
Рюе­ЪЁЊ№Иј­ЪЁў№Иј­ЪЁб№Иј­ЪЁЪ№Иј­ЪЁЏ№Иј­ЪЁљ№Иј­ЪЁе№Иј: **14РђЮ FULL HD **
Рюе­ЪЁњ№Иј­ЪЁЪ№Иј­ЪЁц№Иј: CORE I5 12th generation (10 core and 12 logical processor) 
Рюе­ЪЁА№Иј­ЪЁљ№Иј­ЪЁю№Иј:16Gb ­ЮЌЌ­ЮЌЌ­ЮЌЦ4
Рюе­ЪЁб№Иј­ЪЁБ№Иј­ЪЁъ№Иј­ЪЁА№Иј­ЪЁљ№Иј­ЪЁќ№Иј: 256 GB SSD 
Рюе­ЪЁќ№Иј­ЪЁА№Иј­ЪЁљ№Иј­ЪЁЪ№Иј­ЪЁЌ№Иј­ЪЁў№Иј­ЪЁњ№Иј­ЪЁб№Иј: IRIS XE 
Рюе­ЪЁъ№Иј­ЪЁб№Иј:window 10 pro
Рюе­ЪЁЉ№Иј­ЪЁљ№Иј­ЪЁБ№Иј­ЪЁБ№Иј­ЪЁћ№Иј­ЪЁА№Иј­ЪЁе№Иј: 10HR
Рюе­ЪЁб№Иј­ЪЁБ№Иј­ЪЁљ№Иј­ЪЁБ№Иј­ЪЁц№Иј­ЪЁб№Иј:  packed brand new 
Price  ­ЪЉЄ
­ЪЊД@rasneva рѕѕріарїГрѕГ рѕўрѕЇріЦріГрЅх
 рІГрІ░рІЅрѕЅ Рўј№ИЈ
+251912759900
+251920153333

­ЪЈб ріарІхрѕФрѕ╗: - рѕўрїѕріЊріЏ рѕЏрѕФрЅХріЋ рІе рїѕрЅарІФ рѕЏріЦріерѕЇ рЅа рІІріЊрІЇ рѕўрїЇрЅбрІФ рѕўрѕгрЅх рѕІрІГ
рІѕрІГріЋрѕЮ рїЇрѕФрІЇріЋрІх рЇЇрѕјрѕГ рЅЦрЅЁ рІГрЅарѕЅ
 ­ЪЉЅріљрЅФ рі«рѕЮрЇњрІЇрЅ░рѕГ­ЪЉѕ рѕўрѕєріЉріЋ рІФрѕерїІрїЇрїА

рІхрѕЁрѕе рїѕрї╗рЅйріЋріЋ рІГрїјрЅЦріЎ
www.nevacomputer.com

рЅ┤рѕїрїЇрѕФрѕЮ рЅ╗ріЊрѕІрЅйріЋріЋ рІГрЅђрѕІрЅђрѕЅ

https://t.me/nevacomputer",True,photo,..\..\data\raw\media\nevacomputer_8730.jpg,EUROPE STANDARD    DELL   14 FULL HD   CORE I5 12th generation 10 core and 12 logical processor 16Gb ­ЮЌЌ­ЮЌЌ­ЮЌЦ4  256 GB SSD  IRIS XE window 10 pro  10HR  packed brand new Price  rasneva рѕѕріарїГрѕГ рѕўрѕЇріЦріГрЅх рІГрІ░рІЅрѕЅ  251912759900 251920153333  ріарІхрѕФрѕ╗  рѕўрїѕріЊріЏ рѕЏрѕФрЅХріЋ рІе рїѕрЅарІФ рѕЏріЦріерѕЇ рЅа рІІріЊрІЇ рѕўрїЇрЅбрІФ рѕўрѕгрЅх рѕІрІГ рІѕрІГріЋрѕЮ рїЇрѕФрІЇріЋрІх рЇЇрѕјрѕГ рЅЦрЅЁ рІГрЅарѕЅ ріљрЅФ рі«рѕЮрЇњрІЇрЅ░рѕГ рѕўрѕєріЉріЋ рІФрѕерїІрїЇрїА рІхрѕЁрѕе рїѕрї╗рЅйріЋріЋ рІГрїјрЅЦріЎ  рЅ┤рѕїрїЇрѕФрѕЮ рЅ╗ріЊрѕІрЅйріЋріЋ рІГрЅђрѕІрЅђрѕЅ ,рѕѕріарїГрѕГ рѕўрѕЇріЦріГрЅх рІГрІ░рІЅрѕЅ ріарІхрѕФрѕ╗  рѕўрїѕріЊріЏ рѕЏрѕФрЅХріЋ рІе рїѕрЅарІФ рѕЏріЦріерѕЇ рЅа рІІріЊрІЇ рѕўрїЇрЅбрІФ рѕўрѕгрЅх рѕІрІГ рІѕрІГріЋрѕЮ рїЇрѕФрІЇріЋрІх рЇЇрѕјрѕГ рЅЦрЅЁ рІГрЅарѕЅ ріљрЅФ рі«рѕЮрЇњрІЇрЅ░рѕГ рѕўрѕєріЉріЋ рІФрѕерїІрїЇрїА рІхрѕЁрѕе рїѕрї╗рЅйріЋріЋ рІГрїјрЅЦріЎ  рЅ┤рѕїрїЇрѕФрѕЮ рЅ╗ріЊрѕІрЅйріЋріЋ рІГрЅђрѕІрЅђрѕЅ
nevacomputer,8702,2024-12-07T06:28:23+00:00,"**­ЪћЦ2022 BRAND NEW­ЪћЦ­ЪћЦ­ЪћЦ
­ЪЁЉ№Иј­ЪЁА№Иј­ЪЁљ№Иј­ЪЁЮ№Иј­ЪЁЊ№Иј : LENOVO LOQ
Рюе­ЪЁЊ№Иј­ЪЁў№Иј­ЪЁб№Иј­ЪЁЪ№Иј­ЪЁЏ№Иј­ЪЁљ№Иј­ЪЁе№Иј: 2K **RESOLUTION** 
Рюе­ЪЁњ№Иј­ЪЁЪ№Иј­ЪЁц№Иј:RYZEN 7 7000 serious 
Рюе­ЪЁА№Иј­ЪЁљ№Иј­ЪЁю№Иј:16GB ­ЮЌЌ­ЮЌЌ­ЮЌЦ4 
Рюе­ЪЁб№Иј­ЪЁБ№Иј­ЪЁъ№Иј­ЪЁА№Иј­ЪЁљ№Иј­ЪЁќ№Иј: 512 SSD
Рюе­ЪЁќ№Иј­ЪЁА№Иј­ЪЁљ№Иј­ЪЁЪ№Иј­ЪЁЌ№Иј­ЪЁў№Иј­ЪЁњ№Иј­ЪЁб№Иј: RTX 4050 4GB DEDICATED 
Рюе­ЪЁъ№Иј­ЪЁб№Иј:­Юўё­ЮЌХ­ЮЌ╗­ЮЌ▒­ЮЌ╝­Юўё­Юўђ 11 pro 22H2 
Рюе­ЪЁЉ№Иј­ЪЁљ№Иј­ЪЁБ№Иј­ЪЁБ№Иј­ЪЁћ№Иј­ЪЁА№Иј­ЪЁе№Иј: 6HR
Рюе­ЪЁб№Иј­ЪЁБ№Иј­ЪЁљ№Иј­ЪЁБ№Иј­ЪЁц№Иј­ЪЁб№Иј: BRAND NEW **
CONTACT @rasneva
­ЪЈб ріарІхрѕФрѕ╗: - рѕўрїѕріЊріЏ рѕЏрѕФрЅХріЋ рІе рїѕрЅарІФ рѕЏріЦріерѕЇ рЅа рІІріЊрІЇ рѕўрїЇрЅбрІФ рѕўрѕгрЅх рѕІрІГ
рІѕрІГріЋрѕЮ рїЇрѕФрІЇріЋрІх рЇЇрѕјрѕГ рЅЦрЅЁ рІГрЅарѕЅ
 ­ЪЉЅріљрЅФ рі«рѕЮрЇњрІЇрЅ░рѕГ­ЪЉѕ рѕўрѕєріЉріЋ рІФрѕерїІрїЇрїА",True,photo,..\..\data\raw\media\nevacomputer_8702.jpg,2022 BRAND NEW   LENOVO LOQ  2K RESOLUTION RYZEN 7 7000 serious 16GB ­ЮЌЌ­ЮЌЌ­ЮЌЦ4  512 SSD  RTX 4050 4GB DEDICATED ­Юўё­ЮЌХ­ЮЌ╗­ЮЌ▒­ЮЌ╝­Юўё­Юўђ 11 pro 22H2  6HR  BRAND NEW  CONTACT rasneva  ріарІхрѕФрѕ╗  рѕўрїѕріЊріЏ рѕЏрѕФрЅХріЋ рІе рїѕрЅарІФ рѕЏріЦріерѕЇ рЅа рІІріЊрІЇ рѕўрїЇрЅбрІФ рѕўрѕгрЅх рѕІрІГ рІѕрІГріЋрѕЮ рїЇрѕФрІЇріЋрІх рЇЇрѕјрѕГ рЅЦрЅЁ рІГрЅарѕЅ ріљрЅФ рі«рѕЮрЇњрІЇрЅ░рѕГ рѕўрѕєріЉріЋ рІФрѕерїІрїЇрїА,ріарІхрѕФрѕ╗  рѕўрїѕріЊріЏ рѕЏрѕФрЅХріЋ рІе рїѕрЅарІФ рѕЏріЦріерѕЇ рЅа рІІріЊрІЇ рѕўрїЇрЅбрІФ рѕўрѕгрЅх рѕІрІГ рІѕрІГріЋрѕЮ рїЇрѕФрІЇріЋрІх рЇЇрѕјрѕГ рЅЦрЅЁ рІГрЅарѕЅ ріљрЅФ рі«рѕЮрЇњрІЇрЅ░рѕГ рѕўрѕєріЉріЋ рІФрѕерїІрїЇрїА
nevacomputer,8715,2024-12-07T06:55:36+00:00,"**Very portable and can do multi-task
**
**#HP**** ELITEBOOK 1040 G6**
­ЪЁЉ№Иј­ЪЁА№Иј­ЪЁљ№Иј­ЪЁЮ№Иј­ЪЁЊ№Иј :** HP **ELITEBOOK 
Рюе­ЪЁЊ№Иј­ЪЁў№Иј­ЪЁб№Иј­ЪЁЪ№Иј­ЪЁЏ№Иј­ЪЁљ№Иј­ЪЁе№Иј: **14РђЮ convertable touch screen **full HD
Рюе­ЪЁњ№Иј­ЪЁЪ№Иј­ЪЁц№Иј: CORE I7 8th generation 
Рюе­ЪЁА№Иј­ЪЁљ№Иј­ЪЁю№Иј:16 GB ­ЮЌЌ­ЮЌЌ­ЮЌЦ4
Рюе­ЪЁб№Иј­ЪЁБ№Иј­ЪЁъ№Иј­ЪЁА№Иј­ЪЁљ№Иј­ЪЁќ№Иј: 512 GB SSD 
Рюе­ЪЁќ№Ијraphics: intel uhd graphics 
Рюе­ЪЁъ№Иј­ЪЁб№Иј:window 11 pro 
Рюе­ЪЁЉ№Иј­ЪЁљ№Иј­ЪЁБ№Иј­ЪЁБ№Иј­ЪЁћ№Иј­ЪЁА№Иј­ЪЁе№Иј: 5HR
Рюе­ЪЁб№Иј­ЪЁБ№Иј­ЪЁљ№Иј­ЪЁБ№Иј­ЪЁц№Иј­ЪЁб№Иј:  open box 
Price  ­ЪЉЄ
­ЪЊЕ@rasneva рѕѕріарїГрѕГ рѕўрѕЇріЦріГрЅх
 рІГрІ░рІЅрѕЅ Рўј№ИЈ
­ЪЈб ріарІхрѕФрѕ╗: - рѕўрїѕріЊріЏ рѕЏрѕФрЅХріЋ рІе рїѕрЅарІФ рѕЏріЦріерѕЇ рЅа рІІріЊрІЇ рѕўрїЇрЅбрІФ рѕўрѕгрЅх рѕІрІГ
рІѕрІГріЋрѕЮ рїЇрѕФрІЇріЋрІх рЇЇрѕјрѕГ рЅЦрЅЁ рІГрЅарѕЅ
 ­ЪЉЅріљрЅФ рі«рѕЮрЇњрІЇрЅ░рѕГ­ЪЉѕ рѕўрѕєріЉріЋ рІФрѕерїІрїЇрїА

рІхрѕЁрѕе рїѕрї╗рЅйріЋріЋ рІГрїјрЅЦріЎ
www.nevacomputer.com

рЅ┤рѕїрїЇрѕФрѕЮ рЅ╗ріЊрѕІрЅйріЋріЋ рІГрЅђрѕІрЅђрѕЅ

https://t.me/nevacomputer",True,photo,..\..\data\raw\media\nevacomputer_8715.jpg,Very portable and can do multitask  HP ELITEBOOK 1040 G6   HP ELITEBOOK  14 convertable touch screen full HD  CORE I7 8th generation 16 GB ­ЮЌЌ­ЮЌЌ­ЮЌЦ4  512 GB SSD raphics intel uhd graphics window 11 pro  5HR  open box Price  rasneva рѕѕріарїГрѕГ рѕўрѕЇріЦріГрЅх рІГрІ░рІЅрѕЅ   ріарІхрѕФрѕ╗  рѕўрїѕріЊріЏ рѕЏрѕФрЅХріЋ рІе рїѕрЅарІФ рѕЏріЦріерѕЇ рЅа рІІріЊрІЇ рѕўрїЇрЅбрІФ рѕўрѕгрЅх рѕІрІГ рІѕрІГріЋрѕЮ рїЇрѕФрІЇріЋрІх рЇЇрѕјрѕГ рЅЦрЅЁ рІГрЅарѕЅ ріљрЅФ рі«рѕЮрЇњрІЇрЅ░рѕГ рѕўрѕєріЉріЋ рІФрѕерїІрїЇрїА рІхрѕЁрѕе рїѕрї╗рЅйріЋріЋ рІГрїјрЅЦріЎ  рЅ┤рѕїрїЇрѕФрѕЮ рЅ╗ріЊрѕІрЅйріЋріЋ рІГрЅђрѕІрЅђрѕЅ ,рѕѕріарїГрѕГ рѕўрѕЇріЦріГрЅх рІГрІ░рІЅрѕЅ   ріарІхрѕФрѕ╗  рѕўрїѕріЊріЏ рѕЏрѕФрЅХріЋ рІе рїѕрЅарІФ рѕЏріЦріерѕЇ рЅа рІІріЊрІЇ рѕўрїЇрЅбрІФ рѕўрѕгрЅх рѕІрІГ рІѕрІГріЋрѕЮ рїЇрѕФрІЇріЋрІх рЇЇрѕјрѕГ рЅЦрЅЁ рІГрЅарѕЅ ріљрЅФ рі«рѕЮрЇњрІЇрЅ░рѕГ рѕўрѕєріЉріЋ рІФрѕерїІрїЇрїА рІхрѕЁрѕе рїѕрї╗рЅйріЋріЋ рІГрїјрЅЦріЎ  рЅ┤рѕїрїЇрѕФрѕЮ рЅ╗ріЊрѕІрЅйріЋріЋ рІГрЅђрѕІрЅђрѕЅ
nevacomputer,8754,2025-04-20T09:34:45+00:00,рѕѕрѕўрѕІрІЅ рІеріГрѕГрѕхрЅхріЊ ріЦрѕЮріљрЅх рЅ░ріерЅ│рІГ рЅарѕЎрѕЅ ріЦріЋрі│ріЋрѕѕрЅЦрѕГрѕЃріљ рЅхріЋрѕ│ріцрІЅ рЅарѕ░рѕІрѕЮ ріарІ░рѕерѕ│рЅйрѕЂ::рѕўрїфрІЅ рІўрѕўріЋ рІерѕ░рѕІрѕЮ рІеріаріЋрІхріљрЅх рІерѕўрЅ░рѕ│рѕ░рЅЦріЊ  рІерЅарѕеріерЅх ріЦріЋрІ▓рѕєріЋрѕЇріЋ ріЦріЋрѕўріЏрѕѕріЋ::,True,photo,..\..\data\raw\media\nevacomputer_8754.jpg,рѕѕрѕўрѕІрІЅ рІеріГрѕГрѕхрЅхріЊ ріЦрѕЮріљрЅх рЅ░ріерЅ│рІГ рЅарѕЎрѕЅ ріЦріЋрі│ріЋрѕѕрЅЦрѕГрѕЃріљ рЅхріЋрѕ│ріцрІЅ рЅарѕ░рѕІрѕЮ ріарІ░рѕерѕ│рЅйрѕЂрѕўрїфрІЅ рІўрѕўріЋ рІерѕ░рѕІрѕЮ рІеріаріЋрІхріљрЅх рІерѕўрЅ░рѕ│рѕ░рЅЦріЊ рІерЅарѕеріерЅх ріЦріЋрІ▓рѕєріЋрѕЇріЋ ріЦріЋрѕўріЏрѕѕріЋ,рѕѕрѕўрѕІрІЅ рІеріГрѕГрѕхрЅхріЊ ріЦрѕЮріљрЅх рЅ░ріерЅ│рІГ рЅарѕЎрѕЅ ріЦріЋрі│ріЋрѕѕрЅЦрѕГрѕЃріљ рЅхріЋрѕ│ріцрІЅ рЅарѕ░рѕІрѕЮ ріарІ░рѕерѕ│рЅйрѕЂрѕўрїфрІЅ рІўрѕўріЋ рІерѕ░рѕІрѕЮ рІеріаріЋрІхріљрЅх рІерѕўрЅ░рѕ│рѕ░рЅЦріЊ рІерЅарѕеріерЅх ріЦріЋрІ▓рѕєріЋрѕЇріЋ ріЦріЋрѕўріЏрѕѕріЋ
nevacomputer,8713,2024-12-07T06:55:13+00:00,"**Very portable and can do multi-task
**
**#HP**
­ЪЁЉ№Иј­ЪЁА№Иј­ЪЁљ№Иј­ЪЁЮ№Иј­ЪЁЊ№Иј :** HP **ELITEBOOK 
Рюе­ЪЁЊ№Иј­ЪЁў№Иј­ЪЁб№Иј­ЪЁЪ№Иј­ЪЁЏ№Иј­ЪЁљ№Иј­ЪЁе№Иј:14РђЮ
Рюе­ЪЁњ№Иј­ЪЁЪ№Иј­ЪЁц№Иј: CORE I7 8th generation 
Рюе­ЪЁА№Иј­ЪЁљ№Иј­ЪЁю№Иј:16 GB ­ЮЌЌ­ЮЌЌ­ЮЌЦ4
Рюе­ЪЁб№Иј­ЪЁБ№Иј­ЪЁъ№Иј­ЪЁА№Иј­ЪЁљ№Иј­ЪЁќ№Иј: 512 GB SSD 
Рюе­ЪЁќ№Ијraphics: intel uhd graphics 
Рюе­ЪЁъ№Иј­ЪЁб№Иј:window 11 pro 
Рюе­ЪЁЉ№Иј­ЪЁљ№Иј­ЪЁБ№Иј­ЪЁБ№Иј­ЪЁћ№Иј­ЪЁА№Иј­ЪЁе№Иј: 5HR
Рюе­ЪЁб№Иј­ЪЁБ№Иј­ЪЁљ№Иј­ЪЁБ№Иј­ЪЁц№Иј­ЪЁб№Иј:  open box 
Price  ­ЪЉЄ
­ЪЊЕ@rasneva рѕѕріарїГрѕГ рѕўрѕЇріЦріГрЅх
 рІГрІ░рІЅрѕЅ Рўј№ИЈ

­ЪЈб ріарІхрѕФрѕ╗: - рѕўрїѕріЊріЏ рѕЏрѕФрЅХріЋ рІе рїѕрЅарІФ рѕЏріЦріерѕЇ рЅа рІІріЊрІЇ рѕўрїЇрЅбрІФ рѕўрѕгрЅх рѕІрІГ
рІѕрІГріЋрѕЮ рїЇрѕФрІЇріЋрІх рЇЇрѕјрѕГ рЅЦрЅЁ рІГрЅарѕЅ
 ­ЪЉЅріљрЅФ рі«рѕЮрЇњрІЇрЅ░рѕГ­ЪЉѕ рѕўрѕєріЉріЋ рІФрѕерїІрїЇрїА

рІхрѕЁрѕе рїѕрї╗рЅйріЋріЋ рІГрїјрЅЦріЎ
www.nevacomputer.com

рЅ┤рѕїрїЇрѕФрѕЮ рЅ╗ріЊрѕІрЅйріЋріЋ рІГрЅђрѕІрЅђрѕЅ

https://t.me/nevacomputer",True,photo,..\..\data\raw\media\nevacomputer_8713.jpg,Very portable and can do multitask  HP   HP ELITEBOOK 14  CORE I7 8th generation 16 GB ­ЮЌЌ­ЮЌЌ­ЮЌЦ4  512 GB SSD raphics intel uhd graphics window 11 pro  5HR  open box Price  rasneva рѕѕріарїГрѕГ рѕўрѕЇріЦріГрЅх рІГрІ░рІЅрѕЅ   ріарІхрѕФрѕ╗  рѕўрїѕріЊріЏ рѕЏрѕФрЅХріЋ рІе рїѕрЅарІФ рѕЏріЦріерѕЇ рЅа рІІріЊрІЇ рѕўрїЇрЅбрІФ рѕўрѕгрЅх рѕІрІГ рІѕрІГріЋрѕЮ рїЇрѕФрІЇріЋрІх рЇЇрѕјрѕГ рЅЦрЅЁ рІГрЅарѕЅ ріљрЅФ рі«рѕЮрЇњрІЇрЅ░рѕГ рѕўрѕєріЉріЋ рІФрѕерїІрїЇрїА рІхрѕЁрѕе рїѕрї╗рЅйріЋріЋ рІГрїјрЅЦріЎ  рЅ┤рѕїрїЇрѕФрѕЮ рЅ╗ріЊрѕІрЅйріЋріЋ рІГрЅђрѕІрЅђрѕЅ ,рѕѕріарїГрѕГ рѕўрѕЇріЦріГрЅх рІГрІ░рІЅрѕЅ   ріарІхрѕФрѕ╗  рѕўрїѕріЊріЏ рѕЏрѕФрЅХріЋ рІе рїѕрЅарІФ рѕЏріЦріерѕЇ рЅа рІІріЊрІЇ рѕўрїЇрЅбрІФ рѕўрѕгрЅх рѕІрІГ рІѕрІГріЋрѕЮ рїЇрѕФрІЇріЋрІх рЇЇрѕјрѕГ рЅЦрЅЁ рІГрЅарѕЅ ріљрЅФ рі«рѕЮрЇњрІЇрЅ░рѕГ рѕўрѕєріЉріЋ рІФрѕерїІрїЇрїА рІхрѕЁрѕе рїѕрї╗рЅйріЋріЋ рІГрїјрЅЦріЎ  рЅ┤рѕїрїЇрѕФрѕЮ рЅ╗ріЊрѕІрЅйріЋріЋ рІГрЅђрѕІрЅђрѕЅ
nevacomputer,8741,2025-04-12T07:48:13+00:00,"**#WORKSTATION****  **Рюћ№ИЈ**
****#student**** offer 
****#europa**** standard ­ЪЌ»№ИЈ**
­ЪЁЉ№Иј­ЪЁА№Иј­ЪЁљ№Иј­ЪЁЮ№Иј­ЪЁЊ№Иј :** DELL PRECISION **
Рюе­ЪЁЊ№Иј­ЪЁў№Иј­ЪЁб№Иј­ЪЁЪ№Иј­ЪЁЏ№Иј­ЪЁљ№Иј­ЪЁе№Иј: **15.6 inch FHD**
Рюе­ЪЁњ№Иј­ЪЁЪ№Иј­ЪЁц№Иј: **CORE I9 9th gen­Ъњф**  
Рюе­ЪЁА№Иј­ЪЁљ№Иј­ЪЁю№Иј:16GB ­ЮЌЌ­ЮЌЌ­ЮЌЦ4 
Рюе­ЪЁб№Иј­ЪЁБ№Иј­ЪЁъ№Иј­ЪЁА№Иј­ЪЁљ№Иј­ЪЁќ№Иј: 512GB SSD 
Рюе­ЪЁќ№Иј­ЪЁА№Иј­ЪЁљ№Иј­ЪЁЪ№Иј­ЪЁЌ№Иј­ЪЁў№Иј­ЪЁњ№Иј­ЪЁб№Иј: 4GB NIVIDIA QUADRO T2000 (GTX 1650TI) 
Рюе­ЪЁъ№Иј­ЪЁб№Иј:­Юўё­ЮЌХ­ЮЌ╗­ЮЌ▒­ЮЌ╝­Юўё­Юўђ 11 pro 22H2 
Рюе­ЪЁЉ№Иј­ЪЁљ№Иј­ЪЁБ№Иј­ЪЁБ№Иј­ЪЁћ№Иј­ЪЁА№Иј­ЪЁе№Иј: 5hr plus 
Price : 89000 birr
­ЪЊЕ@rasneva рѕѕріарїГрѕГ рѕўрѕЇріЦріГрЅх
 рІГрІ░рІЅрѕЅ Рўј№ИЈ
+251912759900
+251920153333

­ЪЈб ріарІхрѕФрѕ╗: - рѕўрїѕріЊріЏ рѕЏрѕФрЅХріЋ рІе рїѕрЅарІФ рѕЏріЦріерѕЇ рЅа рІІріЊрІЇ рѕўрїЇрЅбрІФ рѕўрѕгрЅх рѕІрІГ
рІѕрІГріЋрѕЮ рїЇрѕФрІЇріЋрІх рЇЇрѕјрѕГ рЅЦрЅЁ рІГрЅарѕЅ
 ­ЪЉЅріљрЅФ рі«рѕЮрЇњрІЇрЅ░рѕГ­ЪЉѕ рѕўрѕєріЉріЋ рІФрѕерїІрїЇрїА

рІхрѕЁрѕе рїѕрї╗рЅйріЋріЋ рІГрїјрЅЦріЎ
www.nevacomputer.com

рЅ┤рѕїрїЇрѕФрѕЮ рЅ╗ріЊрѕІрЅйріЋріЋ рІГрЅђрѕІрЅђрѕЅ

https://t.me/nevacomputer

     ­Ъћа­Ъћа­Ъћа­ЪЁ░№ИЈ ­Ъћа­Ъћа­Ъћа­Ъћа­Ъћа­Ъћа­Ъћа­Ъћа",True,photo,..\..\data\raw\media\nevacomputer_8741.jpg,WORKSTATION  student offer europa standard    DELL PRECISION   15.6 inch FHD  CORE I9 9th gen 16GB ­ЮЌЌ­ЮЌЌ­ЮЌЦ4  512GB SSD  4GB NIVIDIA QUADRO T2000 GTX 1650TI ­Юўё­ЮЌХ­ЮЌ╗­ЮЌ▒­ЮЌ╝­Юўё­Юўђ 11 pro 22H2  5hr plus Price  89000 birr rasneva рѕѕріарїГрѕГ рѕўрѕЇріЦріГрЅх рІГрІ░рІЅрѕЅ  251912759900 251920153333  ріарІхрѕФрѕ╗  рѕўрїѕріЊріЏ рѕЏрѕФрЅХріЋ рІе рїѕрЅарІФ рѕЏріЦріерѕЇ рЅа рІІріЊрІЇ рѕўрїЇрЅбрІФ рѕўрѕгрЅх рѕІрІГ рІѕрІГріЋрѕЮ рїЇрѕФрІЇріЋрІх рЇЇрѕјрѕГ рЅЦрЅЁ рІГрЅарѕЅ ріљрЅФ рі«рѕЮрЇњрІЇрЅ░рѕГ рѕўрѕєріЉріЋ рІФрѕерїІрїЇрїА рІхрѕЁрѕе рїѕрї╗рЅйріЋріЋ рІГрїјрЅЦріЎ  рЅ┤рѕїрїЇрѕФрѕЮ рЅ╗ріЊрѕІрЅйріЋріЋ рІГрЅђрѕІрЅђрѕЅ   ,рѕѕріарїГрѕГ рѕўрѕЇріЦріГрЅх рІГрІ░рІЅрѕЅ ріарІхрѕФрѕ╗  рѕўрїѕріЊріЏ рѕЏрѕФрЅХріЋ рІе рїѕрЅарІФ рѕЏріЦріерѕЇ рЅа рІІріЊрІЇ рѕўрїЇрЅбрІФ рѕўрѕгрЅх рѕІрІГ рІѕрІГріЋрѕЮ рїЇрѕФрІЇріЋрІх рЇЇрѕјрѕГ рЅЦрЅЁ рІГрЅарѕЅ ріљрЅФ рі«рѕЮрЇњрІЇрЅ░рѕГ рѕўрѕєріЉріЋ рІФрѕерїІрїЇрїА рІхрѕЁрѕе рїѕрї╗рЅйріЋріЋ рІГрїјрЅЦріЎ  рЅ┤рѕїрїЇрѕФрѕЮ рЅ╗ріЊрѕІрЅйріЋріЋ рІГрЅђрѕІрЅђрѕЅ
nevacomputer,8751,2025-04-12T07:57:21+00:00,"DONT MISS IT**
**
­ЪЁЉ№Иј­ЪЁА№Иј­ЪЁљ№Иј­ЪЁЮ№Иј­ЪЁЊ№Иј :** HP ENVY X360 РЮц№ИЈ**
Рюе­ЪЁЊ№Иј­ЪЁў№Иј­ЪЁб№Иј­ЪЁЪ№Иј­ЪЁЏ№Иј­ЪЁљ№Иј­ЪЁе№Иј: **15.6 FHD THIN BEZEL**
Рюе­ЪЁњ№Иј­ЪЁЪ№Иј­ЪЁц№Иј: CORE I7 12th generation 
Рюе­ЪЁА№Иј­ЪЁљ№Иј­ЪЁю№Иј:16 GB ­ЮЌЌ­ЮЌЌ­ЮЌЦ4
Рюе­ЪЁб№Иј­ЪЁБ№Иј­ЪЁъ№Иј­ЪЁА№Иј­ЪЁљ№Иј­ЪЁќ№Иј: 512 GB SSD 
Рюе­ЪЁќ№Ијraphics: Intel UHD 
Рюе­ЪЁъ№Иј­ЪЁб№Иј:window 11 pro 
Рюе­ЪЁЉ№Иј­ЪЁљ№Иј­ЪЁБ№Иј­ЪЁБ№Иј­ЪЁћ№Иј­ЪЁА№Иј­ЪЁе№Иј: 8HR
Price  95000 birr 
­ЪЊЕ@rasneva рѕѕріарїГрѕГ рѕўрѕЇріЦріГрЅх
 рІГрІ░рІЅрѕЅ Рўј№ИЈ
+251912759900
+251920153333

­ЪЈб ріарІхрѕФрѕ╗: - рѕўрїѕріЊріЏ рѕЏрѕФрЅХріЋ рІе рїѕрЅарІФ рѕЏріЦріерѕЇ рЅа рІІріЊрІЇ рѕўрїЇрЅбрІФ рѕўрѕгрЅх рѕІрІГ
рІѕрІГріЋрѕЮ рїЇрѕФрІЇріЋрІх рЇЇрѕјрѕГ рЅЦрЅЁ рІГрЅарѕЅ
 ­ЪЉЅріљрЅФ рі«рѕЮрЇњрІЇрЅ░рѕГ­ЪЉѕ рѕўрѕєріЉріЋ рІФрѕерїІрїЇрїА

рІхрѕЁрѕе рїѕрї╗рЅйріЋріЋ рІГрїјрЅЦріЎ
www.nevacomputer.com

рЅ┤рѕїрїЇрѕФрѕЮ рЅ╗ріЊрѕІрЅйріЋріЋ рІГрЅђрѕІрЅђрѕЅ

https://t.me/nevacomputer",True,photo,..\..\data\raw\media\nevacomputer_8751.jpg,DONT MISS IT    HP ENVY X360   15.6 FHD THIN BEZEL  CORE I7 12th generation 16 GB ­ЮЌЌ­ЮЌЌ­ЮЌЦ4  512 GB SSD raphics Intel UHD window 11 pro  8HR Price 95000 birr rasneva рѕѕріарїГрѕГ рѕўрѕЇріЦріГрЅх рІГрІ░рІЅрѕЅ  251912759900 251920153333  ріарІхрѕФрѕ╗  рѕўрїѕріЊріЏ рѕЏрѕФрЅХріЋ рІе рїѕрЅарІФ рѕЏріЦріерѕЇ рЅа рІІріЊрІЇ рѕўрїЇрЅбрІФ рѕўрѕгрЅх рѕІрІГ рІѕрІГріЋрѕЮ рїЇрѕФрІЇріЋрІх рЇЇрѕјрѕГ рЅЦрЅЁ рІГрЅарѕЅ ріљрЅФ рі«рѕЮрЇњрІЇрЅ░рѕГ рѕўрѕєріЉріЋ рІФрѕерїІрїЇрїА рІхрѕЁрѕе рїѕрї╗рЅйріЋріЋ рІГрїјрЅЦріЎ  рЅ┤рѕїрїЇрѕФрѕЮ рЅ╗ріЊрѕІрЅйріЋріЋ рІГрЅђрѕІрЅђрѕЅ ,рѕѕріарїГрѕГ рѕўрѕЇріЦріГрЅх рІГрІ░рІЅрѕЅ ріарІхрѕФрѕ╗  рѕўрїѕріЊріЏ рѕЏрѕФрЅХріЋ рІе рїѕрЅарІФ рѕЏріЦріерѕЇ рЅа рІІріЊрІЇ рѕўрїЇрЅбрІФ рѕўрѕгрЅх рѕІрІГ рІѕрІГріЋрѕЮ рїЇрѕФрІЇріЋрІх рЇЇрѕјрѕГ рЅЦрЅЁ рІГрЅарѕЅ ріљрЅФ рі«рѕЮрЇњрІЇрЅ░рѕГ рѕўрѕєріЉріЋ рІФрѕерїІрїЇрїА рІхрѕЁрѕе рїѕрї╗рЅйріЋріЋ рІГрїјрЅЦріЎ  рЅ┤рѕїрїЇрѕФрѕЮ рЅ╗ріЊрѕІрЅйріЋріЋ рІГрЅђрѕІрЅђрѕЅ
meneshayeofficial,1002,2025-05-14T15:31:41+00:00,"ріЦрѕхріерІЏ 2рЅа1 рІерѕЇрїєрЅй рЇќрЇќ

­ЪЉЅрЅ░ріљрїЦрѕј рІѕрїЦрЅХ рѕ▓ріЋріГ рѕІрІГ рІерѕџрЅђрѕўрїЦ
­ЪЉЅрѕѕрѕЇрїєрЅй рѕЮрЅ╣ рІерѕєріљ рѕЇрІЕ рІ▓рІЏрІГріЋ
­ЪЉЅрІерѕЇрїєрІјріЋ рІ░рѕЁріЋріљрЅх рІерѕџрїарЅЦрЅЁ
­ЪЉЅрѕЏрІГрЅђрІўрЅЁрІЮ ріЦріЊ рІерѕЏрІГрЅєрѕерЅЂрѕГ 
­ЪЉЅрЅарїБрѕЮ рїаріЋріФрѕФ
­ЪЉЅрѕѕрѕЏрЇЁрІ│рЅх ріарѕўрЅ║ ріЦріЊ рЅарЅђрѕІрѕЅ рІерѕџріљрЅЃрЅђрѕЇ
­ЪЉЅрІерЅ░рѕерїІрїѕрїа рІе ріаріЋрІх рІЊрѕўрЅх рІІрѕхрЅхріЊ ріЦріЋрѕ░рїБрѕѕріЋРђ╝№ИЈ


0989939393┬а┬а┬а /┬а┬а ­ЪЊ▒0911259661 

­Ъџ┤РђЇРЎѓ№ИЈ рІГрІўрІЎріЋ рІФрѕЅрЅарЅх рІхрѕерѕх ріЦріЊрѕўрїБрѕѕріЋРђ╝№ИЈ

­ЪЉЅрЅарѕџрѕіріњрІерѕЮ ріЦріЊ ріцрїЇрІџрЅбрѕйріЋ рЅБрІЏрѕГ рІФрїѕріЎріЊрѕЇ

­ЪЉЅ#kidspottytraining #рІерѕЇрїЁ_рѕЇрїЁ_рІ░рѕхрЅ│ #mombabycare #ethiomom #addisababa #gelagle",True,document,,ріЦрѕхріерІЏ 2рЅа1 рІерѕЇрїєрЅй рЇќрЇќ рЅ░ріљрїЦрѕј рІѕрїЦрЅХ рѕ▓ріЋріГ рѕІрІГ рІерѕџрЅђрѕўрїЦ рѕѕрѕЇрїєрЅй рѕЮрЅ╣ рІерѕєріљ рѕЇрІЕ рІ▓рІЏрІГріЋ рІерѕЇрїєрІјріЋ рІ░рѕЁріЋріљрЅх рІерѕџрїарЅЦрЅЁ рѕЏрІГрЅђрІўрЅЁрІЮ ріЦріЊ рІерѕЏрІГрЅєрѕерЅЂрѕГ рЅарїБрѕЮ рїаріЋріФрѕФ рѕѕрѕЏрЇЁрІ│рЅх ріарѕўрЅ║ ріЦріЊ рЅарЅђрѕІрѕЅ рІерѕџріљрЅЃрЅђрѕЇ рІерЅ░рѕерїІрїѕрїа рІе ріаріЋрІх рІЊрѕўрЅх рІІрѕхрЅхріЊ ріЦріЋрѕ░рїБрѕѕріЋ 0989939393  0911259661  рІГрІўрІЎріЋ рІФрѕЅрЅарЅх рІхрѕерѕх ріЦріЊрѕўрїБрѕѕріЋ рЅарѕџрѕіріњрІерѕЮ ріЦріЊ ріцрїЇрІџрЅбрѕйріЋ рЅБрІЏрѕГ рІФрїѕріЎріЊрѕЇ kidspottytraining рІерѕЇрїЁ_рѕЇрїЁ_рІ░рѕхрЅ│ mombabycare ethiomom addisababa gelagle,ріЦрѕхріерІЏ рЅа рІерѕЇрїєрЅй рЇќрЇќ рЅ░ріљрїЦрѕј рІѕрїЦрЅХ рѕ▓ріЋріГ рѕІрІГ рІерѕџрЅђрѕўрїЦ рѕѕрѕЇрїєрЅй рѕЮрЅ╣ рІерѕєріљ рѕЇрІЕ рІ▓рІЏрІГріЋ рІерѕЇрїєрІјріЋ рІ░рѕЁріЋріљрЅх рІерѕџрїарЅЦрЅЁ рѕЏрІГрЅђрІўрЅЁрІЮ ріЦріЊ рІерѕЏрІГрЅєрѕерЅЂрѕГ рЅарїБрѕЮ рїаріЋріФрѕФ рѕѕрѕЏрЇЁрІ│рЅх ріарѕўрЅ║ ріЦріЊ рЅарЅђрѕІрѕЅ рІерѕџріљрЅЃрЅђрѕЇ рІерЅ░рѕерїІрїѕрїа рІе ріаріЋрІх рІЊрѕўрЅх рІІрѕхрЅхріЊ ріЦріЋрѕ░рїБрѕѕріЋ рІГрІўрІЎріЋ рІФрѕЅрЅарЅх рІхрѕерѕх ріЦріЊрѕўрїБрѕѕріЋ рЅарѕџрѕіріњрІерѕЮ ріЦріЊ ріцрїЇрІџрЅбрѕйріЋ рЅБрІЏрѕГ рІФрїѕріЎріЊрѕЇ рІерѕЇрїЁ рѕЇрїЁ рІ░рѕхрЅ│
meneshayeofficial,1036,2025-06-20T15:46:18+00:00,"**рѕѕрІЇрІх рѕЇрїєрІј ****#рѕхрїдрЅ│**** ріерѕўріљрѕ╗рІг
рѕЮріЋрѕЮ ріарІГріљрЅх рЅБрЅхрѕфріЊ ріцрѕїріГрЅхрѕфріГ рІерѕЏрІГрЇѕрѕЇрїЅ
рІерѕЇрїєрЅй рѕўріфріЊ

­ЪЉЅрЅарЅ░рѕѕрІФрІе ріарІГріљрЅх ріарѕЏрѕФрїГ рѕѕрѕЇрїєрЅйрІј рІерЅђрѕерЅА рѕЏріЌрѕЇ рЅ░рѕйріерѕГріФрѕфрІјрЅй ріерѕўріљрѕ╗рІг!

­ЪЉЅрѕЇрїєрЅй рЅаріЦрїЇрѕФрЅИрІЇ ріЦріЋрЅЁрѕхрЅЃрѕ┤ріЋ 
ріЦріЋрІ▓рІФрІ░рѕГрїЅ рІерѕџрІФрїЇрІЎ
­ЪЉЅрЅа ****#BMW**** рЇБ ****#рЅарЇїрѕФрѕфріЊ**** ****#рЅарЇќрѕГрѕй**** ріФрѕЮрЇЊріњрІјрЅй ріЦрІЇрЅЁріЊ рІерЅ░рѕ░рїБрЅИрІЇ
**­ЪЉЅрІерѕЇрїєрЅйріЋ рІеріаріФрѕЇ рїЦріЋріФрѕг рІерѕџрІФрІ│рЅЦрѕЕ
­ЪЉЅрЅарїЦрѕФрЅх рІерЅ░рѕўрѕерЅ▒ріЊ рѕѕрѕерІЦрѕЮ рїірІю рІерѕџрІФрїѕрѕѕрїЇрѕЅ


ріарІхрѕФрѕ╗рЇд
­ЪЊЇрїЅрѕГрІх рѕЙрѕІ рѕєрѕі рѕ▓рЅ▓ рѕ┤ріЋрЅ░рѕГ 3ріЏ рЇјрЅЁ
рІГрѕЮрїА рЅарѕўріљрѕ╗рІг рІерѕЇрїЁрІјріЋ рѕўріљрѕ╗ рІФрЅЁрѕЇрѕЅ!

рІГрІ░рІЇрѕЅ **0989939393**** рІѕрІГрѕЮ ****0930323334****

Telegram > ****http://t.me/meneshayeofficial****
Tiktok > ****http://tiktok.com/@meneshayeofficial****
Facebook > ****http://facebook.com/@meneshayeofficial**** 

****#gift**** ****#discount**** ****#chrismasgift**** ****#manualcar**** ****#BMW**** ****#ferrari**** # car ****#Daycare**** ****#quality**** ****#рѕЇрїєрЅй**** ┬а****#gift****┬а┬а ****#entertain**** ****#toy**** ****#kid****┬а ****#store**** ****#educationaltoys**** ****#meneshaye****
****#meneshayestore**",True,document,,рѕѕрІЇрІх рѕЇрїєрІј рѕхрїдрЅ│ ріерѕўріљрѕ╗рІг рѕЮріЋрѕЮ ріарІГріљрЅх рЅБрЅхрѕфріЊ ріцрѕїріГрЅхрѕфріГ рІерѕЏрІГрЇѕрѕЇрїЅ рІерѕЇрїєрЅй рѕўріфріЊ рЅарЅ░рѕѕрІФрІе ріарІГріљрЅх ріарѕЏрѕФрїГ рѕѕрѕЇрїєрЅйрІј рІерЅђрѕерЅА рѕЏріЌрѕЇ рЅ░рѕйріерѕГріФрѕфрІјрЅй ріерѕўріљрѕ╗рІг! рѕЇрїєрЅй рЅаріЦрїЇрѕФрЅИрІЇ ріЦріЋрЅЁрѕхрЅЃрѕ┤ріЋ ріЦріЋрІ▓рІФрІ░рѕГрїЅ рІерѕџрІФрїЇрІЎ рЅа BMW рЇБ рЅарЇїрѕФрѕфріЊ рЅарЇќрѕГрѕй ріФрѕЮрЇЊріњрІјрЅй ріЦрІЇрЅЁріЊ рІерЅ░рѕ░рїБрЅИрІЇ рІерѕЇрїєрЅйріЋ рІеріаріФрѕЇ рїЦріЋріФрѕг рІерѕџрІФрІ│рЅЦрѕЕ рЅарїЦрѕФрЅх рІерЅ░рѕўрѕерЅ▒ріЊ рѕѕрѕерІЦрѕЮ рїірІю рІерѕџрІФрїѕрѕѕрїЇрѕЅ ріарІхрѕФрѕ╗рЇд рїЅрѕГрІх рѕЙрѕІ рѕєрѕі рѕ▓рЅ▓ рѕ┤ріЋрЅ░рѕГ 3ріЏ рЇјрЅЁ рІГрѕЮрїА рЅарѕўріљрѕ╗рІг рІерѕЇрїЁрІјріЋ рѕўріљрѕ╗ рІФрЅЁрѕЇрѕЅ! рІГрІ░рІЇрѕЅ 0989939393 рІѕрІГрѕЮ 0930323334 Telegram   Tiktok   Facebook   gift discount chrismasgift manualcar BMW ferrari  car Daycare quality рѕЇрїєрЅй gift entertain toy kid store educationaltoys meneshaye meneshayestore,рѕѕрІЇрІх рѕЇрїєрІј рѕхрїдрЅ│ ріерѕўріљрѕ╗рІг рѕЮріЋрѕЮ ріарІГріљрЅх рЅБрЅхрѕфріЊ ріцрѕїріГрЅхрѕфріГ рІерѕЏрІГрЇѕрѕЇрїЅ рІерѕЇрїєрЅй рѕўріфріЊ рЅарЅ░рѕѕрІФрІе ріарІГріљрЅх ріарѕЏрѕФрїГ рѕѕрѕЇрїєрЅйрІј рІерЅђрѕерЅА рѕЏріЌрѕЇ рЅ░рѕйріерѕГріФрѕфрІјрЅй ріерѕўріљрѕ╗рІг рѕЇрїєрЅй рЅаріЦрїЇрѕФрЅИрІЇ ріЦріЋрЅЁрѕхрЅЃрѕ┤ріЋ ріЦріЋрІ▓рІФрІ░рѕГрїЅ рІерѕџрІФрїЇрІЎ рЅа рЇБ рЅарЇїрѕФрѕфріЊ рЅарЇќрѕГрѕй ріФрѕЮрЇЊріњрІјрЅй ріЦрІЇрЅЁріЊ рІерЅ░рѕ░рїБрЅИрІЇ рІерѕЇрїєрЅйріЋ рІеріаріФрѕЇ рїЦріЋріФрѕг рІерѕџрІФрІ│рЅЦрѕЕ рЅарїЦрѕФрЅх рІерЅ░рѕўрѕерЅ▒ріЊ рѕѕрѕерІЦрѕЮ рїірІю рІерѕџрІФрїѕрѕѕрїЇрѕЅ ріарІхрѕФрѕ╗рЇд рїЅрѕГрІх рѕЙрѕІ рѕєрѕі рѕ▓рЅ▓ рѕ┤ріЋрЅ░рѕГ ріЏ рЇјрЅЁ рІГрѕЮрїА рЅарѕўріљрѕ╗рІг рІерѕЇрїЁрІјріЋ рѕўріљрѕ╗ рІФрЅЁрѕЇрѕЅ рІГрІ░рІЇрѕЅ рІѕрІГрѕЮ рѕЇрїєрЅй
meneshayeofficial,1011,2025-05-30T07:19:37+00:00,"**рѕўріљрѕ╗рІг рІхріГрІхріГ
РўЉ№ИЈрЅБрѕѕрІхрѕЮрїй рІерѕЇрїєрЅй рѕўрѕўрѕфрІФ
РўЉ№ИЈрЅаріарѕЏрѕГріЏріЊ рЅаріЦріЋрїЇрѕірІЮріЏ 
РўЉ№ИЈ150 рѕўрѕЏрѕфрІФ ріФрѕГрІХрЅй рІФрѕЅрЅх

­ЪЉЅрѕѕрЅарѕѕрїа рѕўрѕерїЃ ріерЅ│рЅй рІФрѕѕрІЇріЋ рІхрѕЁрѕе рїѕрїй рІГрїФріЉ
****https://meneshaye-official.com/meneshaye-lelije/dik-dik.html****


­ЪЉЅрІГрІ░рІЇрѕЅ ****0989939393**** рІѕрІГрѕЮ ****0930323334**** рІФрѕЅрЅарЅх ріЦріЋрІ░рѕГрѕ│рѕѕріЋ


ріарІ│рІ▓рѕх рѕЮрѕГрЅХрЅйріЋ ріерЇѕрѕѕрїЅ рЅ┤рѕїрїЇрѕФрѕЮ рЅ╗ріЊрѕІрЅйріЋріЋ рЅарѕўрЅђрѕІрЅђрѕЇ рЅцрЅ░рѕ░рЅЦ рІГрѕЂріЉ
**https://t.me/meneshayeofficial",True,photo,..\..\data\raw\media\meneshayeofficial_1011.jpg,рѕўріљрѕ╗рІг рІхріГрІхріГ рЅБрѕѕрІхрѕЮрїй рІерѕЇрїєрЅй рѕўрѕўрѕфрІФ рЅаріарѕЏрѕГріЏріЊ рЅаріЦріЋрїЇрѕірІЮріЏ 150 рѕўрѕЏрѕфрІФ ріФрѕГрІХрЅй рІФрѕЅрЅх рѕѕрЅарѕѕрїа рѕўрѕерїЃ ріерЅ│рЅй рІФрѕѕрІЇріЋ рІхрѕЁрѕе рїѕрїй рІГрїФріЉ  рІГрІ░рІЇрѕЅ 0989939393 рІѕрІГрѕЮ 0930323334 рІФрѕЅрЅарЅх ріЦріЋрІ░рѕГрѕ│рѕѕріЋ ріарІ│рІ▓рѕх рѕЮрѕГрЅХрЅйріЋ ріерЇѕрѕѕрїЅ рЅ┤рѕїрїЇрѕФрѕЮ рЅ╗ріЊрѕІрЅйріЋріЋ рЅарѕўрЅђрѕІрЅђрѕЇ рЅцрЅ░рѕ░рЅЦ рІГрѕЂріЉ ,рѕўріљрѕ╗рІг рІхріГрІхріГ рЅБрѕѕрІхрѕЮрїй рІерѕЇрїєрЅй рѕўрѕўрѕфрІФ рЅаріарѕЏрѕГріЏріЊ рЅаріЦріЋрїЇрѕірІЮріЏ рѕўрѕЏрѕфрІФ ріФрѕГрІХрЅй рІФрѕЅрЅх рѕѕрЅарѕѕрїа рѕўрѕерїЃ ріерЅ│рЅй рІФрѕѕрІЇріЋ рІхрѕЁрѕе рїѕрїй рІГрїФріЉ  рІГрІ░рІЇрѕЅ рІѕрІГрѕЮ рІФрѕЅрЅарЅх ріЦріЋрІ░рѕГрѕ│рѕѕріЋ ріарІ│рІ▓рѕх рѕЮрѕГрЅХрЅйріЋ ріерЇѕрѕѕрїЅ рЅ┤рѕїрїЇрѕФрѕЮ рЅ╗ріЊрѕІрЅйріЋріЋ рЅарѕўрЅђрѕІрЅђрѕЇ рЅцрЅ░рѕ░рЅЦ рІГрѕЂріЉ
meneshayeofficial,1001,2025-05-13T13:27:42+00:00,"**рІерїѕрѕІрїЇрѕї ріЦрѕЁрЅх рЅЦрѕФрІх рІерѕєріљрІЇ ріерѕФрѕх рЅарѕІрІГ рЅйрїЇрѕГ рЇѕрЅ║ рІерѕєріЉ рІерїЇрѕЇ рѕЮрЅЙрЅхріЋ ріЦріЊ рІ░рѕЁріЋріљрЅхріЋ рІерѕџрїарЅЦрЅЂ рѕЮрѕГрЅХрЅйріЋ рЅарЅЁрѕГрЅА  рІФрЅђрѕГрЅБрѕЇ рЇб

рІѕрІх рІерїѕрѕІрїЇрѕї ріЦріЊ рІерѕўріљрѕ╗рІг рІ░ріЋрЅаріърЅ╗рЅйріЋ ріерѕФрѕх рЅарѕІрІГ рѕЮрѕГрЅХрЅйріЋ рЅарЅђрѕІрѕЅ ріЦріЋрІ▓рІФрїѕріЎ ріерІџрѕЁ рЅарЅ│рЅй рЅБрѕхрЅђрѕўрїЦріЋрѕЇрІј рѕЏрѕхрЇѕріЋрїарѕфрІФ рЅ░рїарЅЁрѕўрІЇ  рІхрѕе рїѕрї╗рЅйріЋ  рІГрЅђрѕІрЅђрѕЅ рЇб

telegram :****https://t.me/kerasbelayofficial****
tik tok:****tiktok.com/@kerasbelayofficial**",True,document,,рІерїѕрѕІрїЇрѕї ріЦрѕЁрЅх рЅЦрѕФрІх рІерѕєріљрІЇ ріерѕФрѕх рЅарѕІрІГ рЅйрїЇрѕГ рЇѕрЅ║ рІерѕєріЉ рІерїЇрѕЇ рѕЮрЅЙрЅхріЋ ріЦріЊ рІ░рѕЁріЋріљрЅхріЋ рІерѕџрїарЅЦрЅЂ рѕЮрѕГрЅХрЅйріЋ рЅарЅЁрѕГрЅА рІФрЅђрѕГрЅБрѕЇ рЇб рІѕрІх рІерїѕрѕІрїЇрѕї ріЦріЊ рІерѕўріљрѕ╗рІг рІ░ріЋрЅаріърЅ╗рЅйріЋ ріерѕФрѕх рЅарѕІрІГ рѕЮрѕГрЅХрЅйріЋ рЅарЅђрѕІрѕЅ ріЦріЋрІ▓рІФрїѕріЎ ріерІџрѕЁ рЅарЅ│рЅй рЅБрѕхрЅђрѕўрїЦріЋрѕЇрІј рѕЏрѕхрЇѕріЋрїарѕфрІФ рЅ░рїарЅЁрѕўрІЇ рІхрѕе рїѕрї╗рЅйріЋ рІГрЅђрѕІрЅђрѕЅ рЇб telegram  tik toktiktok.comkerasbelayofficial,рІерїѕрѕІрїЇрѕї ріЦрѕЁрЅх рЅЦрѕФрІх рІерѕєріљрІЇ ріерѕФрѕх рЅарѕІрІГ рЅйрїЇрѕГ рЇѕрЅ║ рІерѕєріЉ рІерїЇрѕЇ рѕЮрЅЙрЅхріЋ ріЦріЊ рІ░рѕЁріЋріљрЅхріЋ рІерѕџрїарЅЦрЅЂ рѕЮрѕГрЅХрЅйріЋ рЅарЅЁрѕГрЅА рІФрЅђрѕГрЅБрѕЇ рЇб рІѕрІх рІерїѕрѕІрїЇрѕї ріЦріЊ рІерѕўріљрѕ╗рІг рІ░ріЋрЅаріърЅ╗рЅйріЋ ріерѕФрѕх рЅарѕІрІГ рѕЮрѕГрЅХрЅйріЋ рЅарЅђрѕІрѕЅ ріЦріЋрІ▓рІФрїѕріЎ ріерІџрѕЁ рЅарЅ│рЅй рЅБрѕхрЅђрѕўрїЦріЋрѕЇрІј рѕЏрѕхрЇѕріЋрїарѕфрІФ рЅ░рїарЅЁрѕўрІЇ рІхрѕе рїѕрї╗рЅйріЋ рІГрЅђрѕІрЅђрѕЅ рЇб
meneshayeofficial,1016,2025-06-05T11:52:15+00:00,"рІЇрІх рІерїѕрѕІрїЇрѕї рІ░ріЋрЅаріърЅ╗рЅйріЋ ріЦріЋрі│ріЋ рѕѕрІЊрѕерЇІ рЅарІЊрѕЇ рЅарѕ░рѕІрѕЮ ріарІ░рѕерѕ│рЅйрѕЂрЇб рЅарІЊрѕЅ  рІерѕ░рѕІрѕЮ рЇБ рІерїцріЊ рЇБ рІерЇЇрЅЁрѕГ ріЦріЋрІ▓рѕєріЋ рІерѕЮріЋрѕўріЮрѕЇрІј рЅ░рІѕрІ│рїєрЅ╣ріЋріЊ ріарІ│рІ▓рѕХрЅ╣ріЋ рІерїѕрѕІрїЇрѕї рѕЮрѕГрЅХрЅй рЅарѕЏрЅЁрѕерЅЦ рїГрѕЮрѕГ ріљрІЇрЇб 2рЅа1 рІерѕџрІўрѕерїІ рѕХрЇІріЊ рЇІрѕФрѕй рЇБ рІеріцрѕїріГрЅхрѕфріГ рѕўрїЦрЅарѕ╗ рЇБ рЅарѕЏріЉрІІрѕЇріЊ рЅаріцрѕїріГрЅхрѕфріГ рІерѕџрѕ░рѕЕ рѕўрЇЇрїФрІјрЅйріЊ рІерЅ░рѕѕрІФрІЕ рІерЇЁрІ│рЅх ріЦрЅЃрІјрЅйріЋ ріеріЏ рІўріЋрІх рЅарЅЦрІЏрЅхрѕЮ рЅарїЦрѕФрЅхрѕЮ рІФрїѕріЪрЅИрІІрѕЇрЇб
рЅарїѕрѕІрїЇрѕї рѕЮрѕГрЅХрЅй рѕхрѕФрІјріЋ рІФрЅЁрѕЇрѕЅ рЇц ріЉрѕ«рІјріЋ рІФрІўрѕЮріЉ!!
рѕўрѕЇріФрѕЮ рЅарІЊрѕЇ!!",True,photo,..\..\data\raw\media\meneshayeofficial_1016.jpg,рІЇрІх рІерїѕрѕІрїЇрѕї рІ░ріЋрЅаріърЅ╗рЅйріЋ ріЦріЋрі│ріЋ рѕѕрІЊрѕерЇІ рЅарІЊрѕЇ рЅарѕ░рѕІрѕЮ ріарІ░рѕерѕ│рЅйрѕЂрЇб рЅарІЊрѕЅ рІерѕ░рѕІрѕЮ рЇБ рІерїцріЊ рЇБ рІерЇЇрЅЁрѕГ ріЦріЋрІ▓рѕєріЋ рІерѕЮріЋрѕўріЮрѕЇрІј рЅ░рІѕрІ│рїєрЅ╣ріЋріЊ ріарІ│рІ▓рѕХрЅ╣ріЋ рІерїѕрѕІрїЇрѕї рѕЮрѕГрЅХрЅй рЅарѕЏрЅЁрѕерЅЦ рїГрѕЮрѕГ ріљрІЇрЇб 2рЅа1 рІерѕџрІўрѕерїІ рѕХрЇІріЊ рЇІрѕФрѕй рЇБ рІеріцрѕїріГрЅхрѕфріГ рѕўрїЦрЅарѕ╗ рЇБ рЅарѕЏріЉрІІрѕЇріЊ рЅаріцрѕїріГрЅхрѕфріГ рІерѕџрѕ░рѕЕ рѕўрЇЇрїФрІјрЅйріЊ рІерЅ░рѕѕрІФрІЕ рІерЇЁрІ│рЅх ріЦрЅЃрІјрЅйріЋ ріеріЏ рІўріЋрІх рЅарЅЦрІЏрЅхрѕЮ рЅарїЦрѕФрЅхрѕЮ рІФрїѕріЪрЅИрІІрѕЇрЇб рЅарїѕрѕІрїЇрѕї рѕЮрѕГрЅХрЅй рѕхрѕФрІјріЋ рІФрЅЁрѕЇрѕЅ рЇц ріЉрѕ«рІјріЋ рІФрІўрѕЮріЉ!! рѕўрѕЇріФрѕЮ рЅарІЊрѕЇ!!,рІЇрІх рІерїѕрѕІрїЇрѕї рІ░ріЋрЅаріърЅ╗рЅйріЋ ріЦріЋрі│ріЋ рѕѕрІЊрѕерЇІ рЅарІЊрѕЇ рЅарѕ░рѕІрѕЮ ріарІ░рѕерѕ│рЅйрѕЂрЇб рЅарІЊрѕЅ рІерѕ░рѕІрѕЮ рЇБ рІерїцріЊ рЇБ рІерЇЇрЅЁрѕГ ріЦріЋрІ▓рѕєріЋ рІерѕЮріЋрѕўріЮрѕЇрІј рЅ░рІѕрІ│рїєрЅ╣ріЋріЊ ріарІ│рІ▓рѕХрЅ╣ріЋ рІерїѕрѕІрїЇрѕї рѕЮрѕГрЅХрЅй рЅарѕЏрЅЁрѕерЅЦ рїГрѕЮрѕГ ріљрІЇрЇб рЅа рІерѕџрІўрѕерїІ рѕХрЇІріЊ рЇІрѕФрѕй рЇБ рІеріцрѕїріГрЅхрѕфріГ рѕўрїЦрЅарѕ╗ рЇБ рЅарѕЏріЉрІІрѕЇріЊ рЅаріцрѕїріГрЅхрѕфріГ рІерѕџрѕ░рѕЕ рѕўрЇЇрїФрІјрЅйріЊ рІерЅ░рѕѕрІФрІЕ рІерЇЁрІ│рЅх ріЦрЅЃрІјрЅйріЋ ріеріЏ рІўріЋрІх рЅарЅЦрІЏрЅхрѕЮ рЅарїЦрѕФрЅхрѕЮ рІФрїѕріЪрЅИрІІрѕЇрЇб рЅарїѕрѕІрїЇрѕї рѕЮрѕГрЅХрЅй рѕхрѕФрІјріЋ рІФрЅЁрѕЇрѕЅ рЇц ріЉрѕ«рІјріЋ рІФрІўрѕЮріЉ рѕўрѕЇріФрѕЮ рЅарІЊрѕЇ
meneshayeofficial,1005,2025-05-20T12:30:03+00:00,"**рІерѕџрІўрѕерїІ рѕХрЇІ

рІерЅцрЅ░рѕ░рЅЦ рЅБрѕѕрІЇрѕѕрЅ│ ріерѕЏрѕерЇірІФ ріЦрѕхріе рѕўрЅ░ріЏ!!
**
­ЪЉЅрѕхрЅхрЇѕрѕЇрїЅ ріарѕЇрїІ рІерѕЮрЅ│рІ░рѕГрїЅрЅх
­ЪЉЅрѕЂрѕїрѕЮ ріарІ▓рѕх рІерѕЏрІГрѕерїЇрЅЦ рІерѕЏрІГрѕЪрѕйрѕй
­ЪЉЅріерЅ░рѕерїІрїѕрїа рѕХрѕхрЅх ріарѕўрЅх рІІрѕхрЅхріЊ рїІрѕГ

РўЉ№ИЈ0989939393┬а┬а­ЪЊ▒0911259661 
­Ъџ┤РђЇРЎѓ№ИЈ рІГрІўрІЎріЋ рІФрѕЅрЅарЅх рІхрѕерѕх ріЦріЊрѕўрїБрѕѕріЋРђ╝№ИЈ


#foldablesofabed #FoldableMattress #gelagle #kerasbelay#addisababa #onlineshopping #sofa #Mattress #рїѕрѕІрїЇрѕї",True,document,,рІерѕџрІўрѕерїІ рѕХрЇІ рІерЅцрЅ░рѕ░рЅЦ рЅБрѕѕрІЇрѕѕрЅ│ ріерѕЏрѕерЇірІФ ріЦрѕхріе рѕўрЅ░ріЏ!!  рѕхрЅхрЇѕрѕЇрїЅ ріарѕЇрїІ рІерѕЮрЅ│рІ░рѕГрїЅрЅх рѕЂрѕїрѕЮ ріарІ▓рѕх рІерѕЏрІГрѕерїЇрЅЦ рІерѕЏрІГрѕЪрѕйрѕй ріерЅ░рѕерїІрїѕрїа рѕХрѕхрЅх ріарѕўрЅх рІІрѕхрЅхріЊ рїІрѕГ 0989939393 0911259661  рІГрІўрІЎріЋ рІФрѕЅрЅарЅх рІхрѕерѕх ріЦріЊрѕўрїБрѕѕріЋ foldablesofabed FoldableMattress gelagle kerasbelayaddisababa onlineshopping sofa Mattress рїѕрѕІрїЇрѕї,рІерѕџрІўрѕерїІ рѕХрЇІ рІерЅцрЅ░рѕ░рЅЦ рЅБрѕѕрІЇрѕѕрЅ│ ріерѕЏрѕерЇірІФ ріЦрѕхріе рѕўрЅ░ріЏ рѕхрЅхрЇѕрѕЇрїЅ ріарѕЇрїІ рІерѕЮрЅ│рІ░рѕГрїЅрЅх рѕЂрѕїрѕЮ ріарІ▓рѕх рІерѕЏрІГрѕерїЇрЅЦ рІерѕЏрІГрѕЪрѕйрѕй ріерЅ░рѕерїІрїѕрїа рѕХрѕхрЅх ріарѕўрЅх рІІрѕхрЅхріЊ рїІрѕГ рІГрІўрІЎріЋ рІФрѕЅрЅарЅх рІхрѕерѕх ріЦріЊрѕўрїБрѕѕріЋ рїѕрѕІрїЇрѕї
meneshayeofficial,1025,2025-06-13T09:09:31+00:00,"**рІГрѕЁ рѕХрЇІ ріЦрі« ріљрІЇ рѕ▓рІўрѕерїІ рЇЇрѕФрѕй рІерѕџрѕєріљрІЇ!
ріерѕХрѕхрЅх ріарѕўрЅх рІІрѕхрЅхріЊ рїІрѕГ

рѕхрѕѕрѕЮрѕГрЅ▒ рѕЏрЅЦрѕФрѕфрІФ ріерЇѕрѕѕрїЅ ріерЅ│рЅй рІФрѕѕрІЇріЋ рІГрїФріЉ

РўЉ№ИЈtelegram :****https://t.me/kerasbelayofficial****
РўЉ№ИЈtik tok:****tiktok.com/@kerasbelayofficial****

Рўј№ИЈ0989939393/****0911259661****


****#gelagle**** ****#рїѕрѕІрїЇрѕї**** ****#sofabed**** ****#furniture**** ****#Mattress**** ****#рѕХрЇІ**** ****#рЇІрѕФрѕй**",True,photo,..\..\data\raw\media\meneshayeofficial_1025.jpg,рІГрѕЁ рѕХрЇІ ріЦрі« ріљрІЇ рѕ▓рІўрѕерїІ рЇЇрѕФрѕй рІерѕџрѕєріљрІЇ! ріерѕХрѕхрЅх ріарѕўрЅх рІІрѕхрЅхріЊ рїІрѕГ рѕхрѕѕрѕЮрѕГрЅ▒ рѕЏрЅЦрѕФрѕфрІФ ріерЇѕрѕѕрїЅ ріерЅ│рЅй рІФрѕѕрІЇріЋ рІГрїФріЉ telegram  tik toktiktok.comkerasbelayofficial 09899393930911259661 gelagle рїѕрѕІрїЇрѕї sofabed furniture Mattress рѕХрЇІ рЇІрѕФрѕй,рІГрѕЁ рѕХрЇІ ріЦрі« ріљрІЇ рѕ▓рІўрѕерїІ рЇЇрѕФрѕй рІерѕџрѕєріљрІЇ ріерѕХрѕхрЅх ріарѕўрЅх рІІрѕхрЅхріЊ рїІрѕГ рѕхрѕѕрѕЮрѕГрЅ▒ рѕЏрЅЦрѕФрѕфрІФ ріерЇѕрѕѕрїЅ ріерЅ│рЅй рІФрѕѕрІЇріЋ рІГрїФріЉ рїѕрѕІрїЇрѕї рѕХрЇІ рЇІрѕФрѕй
meneshayeofficial,963,2025-04-02T05:08:51+00:00,"рІерѕЇрїєрЅй рІ░рѕЁріЋріљрЅх рѕўрїарЅарЅѓрІФ!

ріарІхрѕФрѕ╗рЇд
­ЪЊЇрїЅрѕГрІх рѕЙрѕІ рѕєрѕі рѕ▓рЅ▓ рѕ┤ріЋрЅ░рѕГ 3ріЏ рЇјрЅЁ
рІГрѕЮрїА рЅарѕўріљрѕ╗рІг рІерѕЇрїЁрІјріЋ рѕўріљрѕ╗ рІФрЅЁрѕЇрѕЅ!

рІГрІ░рІЇрѕЅ 0989939393 рІѕрІГрѕЮ 0930323334

Telegram > http://t.me/meneshayeofficial
Tiktok > http://tiktok.com/@meneshayeofficial
Facebook > http://facebook.com/@meneshayeofficial",True,document,,рІерѕЇрїєрЅй рІ░рѕЁріЋріљрЅх рѕўрїарЅарЅѓрІФ! ріарІхрѕФрѕ╗рЇд рїЅрѕГрІх рѕЙрѕІ рѕєрѕі рѕ▓рЅ▓ рѕ┤ріЋрЅ░рѕГ 3ріЏ рЇјрЅЁ рІГрѕЮрїА рЅарѕўріљрѕ╗рІг рІерѕЇрїЁрІјріЋ рѕўріљрѕ╗ рІФрЅЁрѕЇрѕЅ! рІГрІ░рІЇрѕЅ 0989939393 рІѕрІГрѕЮ 0930323334 Telegram   Tiktok   Facebook  ,рІерѕЇрїєрЅй рІ░рѕЁріЋріљрЅх рѕўрїарЅарЅѓрІФ ріарІхрѕФрѕ╗рЇд рїЅрѕГрІх рѕЙрѕІ рѕєрѕі рѕ▓рЅ▓ рѕ┤ріЋрЅ░рѕГ ріЏ рЇјрЅЁ рІГрѕЮрїА рЅарѕўріљрѕ╗рІг рІерѕЇрїЁрІјріЋ рѕўріљрѕ╗ рІФрЅЁрѕЇрѕЅ рІГрІ░рІЇрѕЅ рІѕрІГрѕЮ
meneshayeofficial,1031,2025-06-17T16:00:09+00:00,"**рїѕрѕІрїЇрѕї рІерѕЇрїєрЅй рѕЮрїЇрЅЦ рѕўрѕхрѕфрІФ
рІерѕЇрїєрЅйріЋ рѕЇрЅЦ рІерѕџрІФрѕИріЋрЇЇрЇБ рІеріЦріЊрЅхріЋ рїірІю рІерѕџрЅєрїЦрЅЦ

РўЉ№ИЈрІГрЅђрЅЁрѕІрѕЇРўЉ№ИЈрІГрЇѕрїФрѕЇРўЉ№ИЈрІФрѕЇрѕЏрѕЇРўЉ№ИЈрЇђрѕе-рЅЦріГрѕѕрЅхРўЉ№ИЈрЅарѕФрѕ▒ рІерѕџрЇђрІ│

­ЪЉЅріерЇЇрЅ░ріЏ рїЅрѕЇрЅарЅх рѕхрѕІрѕѕрІЇ рЅарЇЇрїЦріљрЅх рѕЮрїЇрЅЦ рІФрІўрїІрїЃрѕЇ
­ЪЉЅрІерѕФрѕ▒ рѕ░ріарЅх рѕўрЅєрїБрїарѕфрІФ рІФрѕѕрІЇ

рІерЅ░рѕерїІрїѕрїа рІе ріаріЋрІх рІЊрѕўрЅх рІІрѕхрЅхріЊ ріЦріЋрѕ░рїБрѕѕріЋРђ╝№ИЈ

­ЪЊ▒****0989939393****┬а┬а┬а /┬а┬а ­ЪЊ▒****0911259661**** 

­Ъџ┤РђЇРЎѓ№ИЈ рІГрІўрІЎріЋ рІФрѕЅрЅарЅх рІхрѕерѕх ріЦріЊрѕўрїБрѕѕріЋРђ╝№ИЈ

­ЪЉЉ­ЪЉЉ рІЇрІх рІ░ріЋрЅаріЏрЅйріЋ рЅарѕхрѕФрЅйріЋ рѕІрІГ рѕђрѕ│рЅЦ ріЦріЊ ріарѕхрЅ░рІФрІерЅх ріФрѕѕрІјрЅх┬а рЅарІџрѕЁ рѕхрѕЇріГ рІ░рІЅрѕѕрІЅ рІФрѕ│рІЅрЅЂріЋрЇб 

****0939091943****

foodprocessor ****#forkids**** ****#kitchengadgets**** ****#mom**** ****#mombabycare**** ****#mombabyfeeding**** ****#рІерѕЇрїєрЅй**** ****#ethiopianmother**** ****#addisababa**",True,document,,рїѕрѕІрїЇрѕї рІерѕЇрїєрЅй рѕЮрїЇрЅЦ рѕўрѕхрѕфрІФ рІерѕЇрїєрЅйріЋ рѕЇрЅЦ рІерѕџрІФрѕИріЋрЇЇрЇБ рІеріЦріЊрЅхріЋ рїірІю рІерѕџрЅєрїЦрЅЦ рІГрЅђрЅЁрѕІрѕЇрІГрЇѕрїФрѕЇрІФрѕЇрѕЏрѕЇрЇђрѕерЅЦріГрѕѕрЅхрЅарѕФрѕ▒ рІерѕџрЇђрІ│ ріерЇЇрЅ░ріЏ рїЅрѕЇрЅарЅх рѕхрѕІрѕѕрІЇ рЅарЇЇрїЦріљрЅх рѕЮрїЇрЅЦ рІФрІўрїІрїЃрѕЇ рІерѕФрѕ▒ рѕ░ріарЅх рѕўрЅєрїБрїарѕфрІФ рІФрѕѕрІЇ рІерЅ░рѕерїІрїѕрїа рІе ріаріЋрІх рІЊрѕўрЅх рІІрѕхрЅхріЊ ріЦріЋрѕ░рїБрѕѕріЋ 0989939393  0911259661  рІГрІўрІЎріЋ рІФрѕЅрЅарЅх рІхрѕерѕх ріЦріЊрѕўрїБрѕѕріЋ  рІЇрІх рІ░ріЋрЅаріЏрЅйріЋ рЅарѕхрѕФрЅйріЋ рѕІрІГ рѕђрѕ│рЅЦ ріЦріЊ ріарѕхрЅ░рІФрІерЅх ріФрѕѕрІјрЅх рЅарІџрѕЁ рѕхрѕЇріГ рІ░рІЅрѕѕрІЅ рІФрѕ│рІЅрЅЂріЋрЇб 0939091943 foodprocessor forkids kitchengadgets mom mombabycare mombabyfeeding рІерѕЇрїєрЅй ethiopianmother addisababa,рїѕрѕІрїЇрѕї рІерѕЇрїєрЅй рѕЮрїЇрЅЦ рѕўрѕхрѕфрІФ рІерѕЇрїєрЅйріЋ рѕЇрЅЦ рІерѕџрІФрѕИріЋрЇЇрЇБ рІеріЦріЊрЅхріЋ рїірІю рІерѕџрЅєрїЦрЅЦ рІГрЅђрЅЁрѕІрѕЇрІГрЇѕрїФрѕЇрІФрѕЇрѕЏрѕЇрЇђрѕерЅЦріГрѕѕрЅхрЅарѕФрѕ▒ рІерѕџрЇђрІ│ ріерЇЇрЅ░ріЏ рїЅрѕЇрЅарЅх рѕхрѕІрѕѕрІЇ рЅарЇЇрїЦріљрЅх рѕЮрїЇрЅЦ рІФрІўрїІрїЃрѕЇ рІерѕФрѕ▒ рѕ░ріарЅх рѕўрЅєрїБрїарѕфрІФ рІФрѕѕрІЇ рІерЅ░рѕерїІрїѕрїа рІе ріаріЋрІх рІЊрѕўрЅх рІІрѕхрЅхріЊ ріЦріЋрѕ░рїБрѕѕріЋ рІГрІўрІЎріЋ рІФрѕЅрЅарЅх рІхрѕерѕх ріЦріЊрѕўрїБрѕѕріЋ  рІЇрІх рІ░ріЋрЅаріЏрЅйріЋ рЅарѕхрѕФрЅйріЋ рѕІрІГ рѕђрѕ│рЅЦ ріЦріЊ ріарѕхрЅ░рІФрІерЅх ріФрѕѕрІјрЅх рЅарІџрѕЁ рѕхрѕЇріГ рІ░рІЅрѕѕрІЅ рІФрѕ│рІЅрЅЂріЋрЇб рІерѕЇрїєрЅй
meneshayeofficial,1022,2025-06-12T09:52:35+00:00,"рѕѕрѕерїЁрѕЮ ріарѕўрЅх рЅарЅхрѕЮрѕЁрѕГрЅх рІФрїѕрѕѕрїѕрѕЅ рЅБрѕѕрѕЎрІФрІјрЅй рѕхрѕѕ рѕўріљрѕ╗рІг рѕЮріЋ рІГрѕІрѕЅ?

0989939393/0930323334 рІГрІ░рІЇрѕЅрѕЇріЋ

рѕѕрѕЇрїєрІј рЅхрѕЮрѕГрЅ│рІі рІерѕєріљ рѕўрїФрІѕрЅ╗ ріерЇѕрѕѕрїЅ рІерѕўріљрѕ╗рІг рЅ┤рѕїрїЇрѕФрѕЮ рІГрЅђрѕІрЅђрѕЅ
https://t.me/meneshayeofficial

#shigigerdaniel#glory#meneshaye #рѕўріљрѕ╗рІг#parents #kindergarten #kidsstore#preschool┬а",True,document,,рѕѕрѕерїЁрѕЮ ріарѕўрЅх рЅарЅхрѕЮрѕЁрѕГрЅх рІФрїѕрѕѕрїѕрѕЅ рЅБрѕѕрѕЎрІФрІјрЅй рѕхрѕѕ рѕўріљрѕ╗рІг рѕЮріЋ рІГрѕІрѕЅ? 09899393930930323334 рІГрІ░рІЇрѕЅрѕЇріЋ рѕѕрѕЇрїєрІј рЅхрѕЮрѕГрЅ│рІі рІерѕєріљ рѕўрїФрІѕрЅ╗ ріерЇѕрѕѕрїЅ рІерѕўріљрѕ╗рІг рЅ┤рѕїрїЇрѕФрѕЮ рІГрЅђрѕІрЅђрѕЅ  shigigerdanielglorymeneshaye рѕўріљрѕ╗рІгparents kindergarten kidsstorepreschool,рѕѕрѕерїЁрѕЮ ріарѕўрЅх рЅарЅхрѕЮрѕЁрѕГрЅх рІФрїѕрѕѕрїѕрѕЅ рЅБрѕѕрѕЎрІФрІјрЅй рѕхрѕѕ рѕўріљрѕ╗рІг рѕЮріЋ рІГрѕІрѕЅ рІГрІ░рІЇрѕЅрѕЇріЋ рѕѕрѕЇрїєрІј рЅхрѕЮрѕГрЅ│рІі рІерѕєріљ рѕўрїФрІѕрЅ╗ ріерЇѕрѕѕрїЅ рІерѕўріљрѕ╗рІг рЅ┤рѕїрїЇрѕФрѕЮ рІГрЅђрѕІрЅђрѕЅ рѕўріљрѕ╗рІг
ethio_brand_collection,6053,2025-04-19T06:02:45+00:00,"Manladuo suede Chelsea boots  
size 39,40,41,42,43,44
Price 5400 birr
­ЪЊїріарІхрѕФрѕ╗-рѕюріГрѕ▓рі« рі«рѕюрѕГрѕх рїђрѕГрЅБ рѕўрІџрІх рЇЋрѕІрІЏ рІерѕўрїђрѕўрѕфрІФ рІ░рѕерїЃ ріЦріЋрІ░рІѕрїА 101 рІерЅбрѕ« рЅЂрїЦрѕГ рІФрїѕріЎріЊрѕЇ or call 0920238243
                                    [EthioBrand](https://t.me/ethio_brand_collection) РюЁ",True,photo,..\..\data\raw\media\ethio_brand_collection_6053.jpg,"Manladuo suede Chelsea boots size 39,40,41,42,43,44 Price 5400 birr ріарІхрѕФрѕ╗рѕюріГрѕ▓рі« рі«рѕюрѕГрѕх рїђрѕГрЅБ рѕўрІџрІх рЇЋрѕІрІЏ рІерѕўрїђрѕўрѕфрІФ рІ░рѕерїЃ ріЦріЋрІ░рІѕрїА 101 рІерЅбрѕ« рЅЂрїЦрѕГ рІФрїѕріЎріЊрѕЇ or call 0920238243 EthioBrand ",ріарІхрѕФрѕ╗рѕюріГрѕ▓рі« рі«рѕюрѕГрѕх рїђрѕГрЅБ рѕўрІџрІх рЇЋрѕІрІЏ рІерѕўрїђрѕўрѕфрІФ рІ░рѕерїЃ ріЦріЋрІ░рІѕрїА рІерЅбрѕ« рЅЂрїЦрѕГ рІФрїѕріЎріЊрѕЇ
ethio_brand_collection,6075,2025-05-09T09:03:39+00:00,"Adidas terrex Running 
size 40,41,42,43
Price 3600 birr
­ЪЊїріарІхрѕФрѕ╗-рѕюріГрѕ▓рі« рі«рѕюрѕГрѕх рїђрѕГрЅБ рѕўрІџрІх рЇЋрѕІрІЏ рІерѕўрїђрѕўрѕфрІФ рІ░рѕерїЃ ріЦріЋрІ░рІѕрїА 101 рІерЅбрѕ« рЅЂрїЦрѕГ рІФрїѕріЎріЊрѕЇ or call 0920238243
                                    [EthioBrand](https://t.me/ethio_brand_collection) РюЁ",True,photo,..\..\data\raw\media\ethio_brand_collection_6075.jpg,"Adidas terrex Running size 40,41,42,43 Price 3600 birr ріарІхрѕФрѕ╗рѕюріГрѕ▓рі« рі«рѕюрѕГрѕх рїђрѕГрЅБ рѕўрІџрІх рЇЋрѕІрІЏ рІерѕўрїђрѕўрѕфрІФ рІ░рѕерїЃ ріЦріЋрІ░рІѕрїА 101 рІерЅбрѕ« рЅЂрїЦрѕГ рІФрїѕріЎріЊрѕЇ or call 0920238243 EthioBrand ",ріарІхрѕФрѕ╗рѕюріГрѕ▓рі« рі«рѕюрѕГрѕх рїђрѕГрЅБ рѕўрІџрІх рЇЋрѕІрІЏ рІерѕўрїђрѕўрѕфрІФ рІ░рѕерїЃ ріЦріЋрІ░рІѕрїА рІерЅбрѕ« рЅЂрїЦрѕГ рІФрїѕріЎріЊрѕЇ
ethio_brand_collection,6020,2025-03-28T06:03:42+00:00,"Under armour Goretex
Size 40,41,43
Price 3500 birr
­ЪЊїріарІхрѕФрѕ╗-рѕюріГрѕ▓рі« рі«рѕюрѕГрѕх рїђрѕГрЅБ рѕўрІџрІх рЇЋрѕІрІЏ рІерѕўрїђрѕўрѕфрІФ рІ░рѕерїЃ ріЦріЋрІ░рІѕрїА 101 рІерЅбрѕ« рЅЂрїЦрѕГ рІФрїѕріЎріЊрѕЇ or call 0920238243
                                    [EthioBrand](https://t.me/ethio_brand_collection) РюЁ",True,photo,..\..\data\raw\media\ethio_brand_collection_6020.jpg,"Under armour Goretex Size 40,41,43 Price 3500 birr ріарІхрѕФрѕ╗рѕюріГрѕ▓рі« рі«рѕюрѕГрѕх рїђрѕГрЅБ рѕўрІџрІх рЇЋрѕІрІЏ рІерѕўрїђрѕўрѕфрІФ рІ░рѕерїЃ ріЦріЋрІ░рІѕрїА 101 рІерЅбрѕ« рЅЂрїЦрѕГ рІФрїѕріЎріЊрѕЇ or call 0920238243 EthioBrand ",ріарІхрѕФрѕ╗рѕюріГрѕ▓рі« рі«рѕюрѕГрѕх рїђрѕГрЅБ рѕўрІџрІх рЇЋрѕІрІЏ рІерѕўрїђрѕўрѕфрІФ рІ░рѕерїЃ ріЦріЋрІ░рІѕрїА рІерЅбрѕ« рЅЂрїЦрѕГ рІФрїѕріЎріЊрѕЇ
ethio_brand_collection,6097,2025-06-05T06:05:10+00:00,"Alta buckle leather  
Size 39,40,41,42,43,44
Price 4500 birr
­ЪЊїріарІхрѕФрѕ╗-рѕюріГрѕ▓рі« рі«рѕюрѕГрѕх рїђрѕГрЅБ рѕўрІџрІх рЇЋрѕІрІЏ рІерѕўрїђрѕўрѕфрІФ рІ░рѕерїЃ ріЦріЋрІ░рІѕрїА 101 рІерЅбрѕ« рЅЂрїЦрѕГ рІФрїѕріЎріЊрѕЇ or call 0920238243
                                    [EthioBrand](https://t.me/ethio_brand_collection) РюЁ",True,photo,..\..\data\raw\media\ethio_brand_collection_6097.jpg,"Alta buckle leather Size 39,40,41,42,43,44 Price 4500 birr ріарІхрѕФрѕ╗рѕюріГрѕ▓рі« рі«рѕюрѕГрѕх рїђрѕГрЅБ рѕўрІџрІх рЇЋрѕІрІЏ рІерѕўрїђрѕўрѕфрІФ рІ░рѕерїЃ ріЦріЋрІ░рІѕрїА 101 рІерЅбрѕ« рЅЂрїЦрѕГ рІФрїѕріЎріЊрѕЇ or call 0920238243 EthioBrand ",ріарІхрѕФрѕ╗рѕюріГрѕ▓рі« рі«рѕюрѕГрѕх рїђрѕГрЅБ рѕўрІџрІх рЇЋрѕІрІЏ рІерѕўрїђрѕўрѕфрІФ рІ░рѕерїЃ ріЦріЋрІ░рІѕрїА рІерЅбрѕ« рЅЂрїЦрѕГ рІФрїѕріЎріЊрѕЇ
ethio_brand_collection,6018,2025-03-27T09:07:26+00:00,"Nike Just Do It
Size 39,40,41,42,43
Price 3400 birr
­ЪЊїріарІхрѕФрѕ╗-рѕюріГрѕ▓рі« рі«рѕюрѕГрѕх рїђрѕГрЅБ рѕўрІџрІх рЇЋрѕІрІЏ рІерѕўрїђрѕўрѕфрІФ рІ░рѕерїЃ ріЦріЋрІ░рІѕрїА 101 рІерЅбрѕ« рЅЂрїЦрѕГ рІФрїѕріЎріЊрѕЇ or call 0920238243
                                    [EthioBrand](https://t.me/ethio_brand_collection) РюЁ",True,photo,..\..\data\raw\media\ethio_brand_collection_6018.jpg,"Nike Just Do It Size 39,40,41,42,43 Price 3400 birr ріарІхрѕФрѕ╗рѕюріГрѕ▓рі« рі«рѕюрѕГрѕх рїђрѕГрЅБ рѕўрІџрІх рЇЋрѕІрІЏ рІерѕўрїђрѕўрѕфрІФ рІ░рѕерїЃ ріЦріЋрІ░рІѕрїА 101 рІерЅбрѕ« рЅЂрїЦрѕГ рІФрїѕріЎріЊрѕЇ or call 0920238243 EthioBrand ",ріарІхрѕФрѕ╗рѕюріГрѕ▓рі« рі«рѕюрѕГрѕх рїђрѕГрЅБ рѕўрІџрІх рЇЋрѕІрІЏ рІерѕўрїђрѕўрѕфрІФ рІ░рѕерїЃ ріЦріЋрІ░рІѕрїА рІерЅбрѕ« рЅЂрїЦрѕГ рІФрїѕріЎріЊрѕЇ
ethio_brand_collection,6031,2025-04-07T09:01:27+00:00,"Pristine 2 loafer leather  
size 39,40,41,42,43,44
Price 4800 birr
­ЪЊїріарІхрѕФрѕ╗-рѕюріГрѕ▓рі« рі«рѕюрѕГрѕх рїђрѕГрЅБ рѕўрІџрІх рЇЋрѕІрІЏ рІерѕўрїђрѕўрѕфрІФ рІ░рѕерїЃ ріЦріЋрІ░рІѕрїА 101 рІерЅбрѕ« рЅЂрїЦрѕГ рІФрїѕріЎріЊрѕЇ or call 0920238243
                                    [EthioBrand](https://t.me/ethio_brand_collection) РюЁ",True,photo,..\..\data\raw\media\ethio_brand_collection_6031.jpg,"Pristine 2 loafer leather size 39,40,41,42,43,44 Price 4800 birr ріарІхрѕФрѕ╗рѕюріГрѕ▓рі« рі«рѕюрѕГрѕх рїђрѕГрЅБ рѕўрІџрІх рЇЋрѕІрІЏ рІерѕўрїђрѕўрѕфрІФ рІ░рѕерїЃ ріЦріЋрІ░рІѕрїА 101 рІерЅбрѕ« рЅЂрїЦрѕГ рІФрїѕріЎріЊрѕЇ or call 0920238243 EthioBrand ",ріарІхрѕФрѕ╗рѕюріГрѕ▓рі« рі«рѕюрѕГрѕх рїђрѕГрЅБ рѕўрІџрІх рЇЋрѕІрІЏ рІерѕўрїђрѕўрѕфрІФ рІ░рѕерїЃ ріЦріЋрІ░рІѕрїА рІерЅбрѕ« рЅЂрїЦрѕГ рІФрїѕріЎріЊрѕЇ
ethio_brand_collection,6051,2025-04-18T06:02:57+00:00,"Morazora casual leather 
size 39,40,41,42,43,44
Price 4200 birr
­ЪЊїріарІхрѕФрѕ╗-рѕюріГрѕ▓рі« рі«рѕюрѕГрѕх рїђрѕГрЅБ рѕўрІџрІх рЇЋрѕІрІЏ рІерѕўрїђрѕўрѕфрІФ рІ░рѕерїЃ ріЦріЋрІ░рІѕрїА 101 рІерЅбрѕ« рЅЂрїЦрѕГ рІФрїѕріЎріЊрѕЇ or call 0920238243
                                    [EthioBrand](https://t.me/ethio_brand_collection) РюЁ",True,photo,..\..\data\raw\media\ethio_brand_collection_6051.jpg,"Morazora casual leather size 39,40,41,42,43,44 Price 4200 birr ріарІхрѕФрѕ╗рѕюріГрѕ▓рі« рі«рѕюрѕГрѕх рїђрѕГрЅБ рѕўрІџрІх рЇЋрѕІрІЏ рІерѕўрїђрѕўрѕфрІФ рІ░рѕерїЃ ріЦріЋрІ░рІѕрїА 101 рІерЅбрѕ« рЅЂрїЦрѕГ рІФрїѕріЎріЊрѕЇ or call 0920238243 EthioBrand ",ріарІхрѕФрѕ╗рѕюріГрѕ▓рі« рі«рѕюрѕГрѕх рїђрѕГрЅБ рѕўрІџрІх рЇЋрѕІрІЏ рІерѕўрїђрѕўрѕфрІФ рІ░рѕерїЃ ріЦріЋрІ░рІѕрїА рІерЅбрѕ« рЅЂрїЦрѕГ рІФрїѕріЎріЊрѕЇ
ethio_brand_collection,6073,2025-05-06T08:58:41+00:00,"Nike LeBron Witness  
size 40,41,42,43,44
Price 3500 birr
­ЪЊїріарІхрѕФрѕ╗-рѕюріГрѕ▓рі« рі«рѕюрѕГрѕх рїђрѕГрЅБ рѕўрІџрІх рЇЋрѕІрІЏ рІерѕўрїђрѕўрѕфрІФ рІ░рѕерїЃ ріЦріЋрІ░рІѕрїА 101 рІерЅбрѕ« рЅЂрїЦрѕГ рІФрїѕріЎріЊрѕЇ or call 0920238243
                                    [EthioBrand](https://t.me/ethio_brand_collection) РюЁ",True,photo,..\..\data\raw\media\ethio_brand_collection_6073.jpg,"Nike LeBron Witness size 40,41,42,43,44 Price 3500 birr ріарІхрѕФрѕ╗рѕюріГрѕ▓рі« рі«рѕюрѕГрѕх рїђрѕГрЅБ рѕўрІџрІх рЇЋрѕІрІЏ рІерѕўрїђрѕўрѕфрІФ рІ░рѕерїЃ ріЦріЋрІ░рІѕрїА 101 рІерЅбрѕ« рЅЂрїЦрѕГ рІФрїѕріЎріЊрѕЇ or call 0920238243 EthioBrand ",ріарІхрѕФрѕ╗рѕюріГрѕ▓рі« рі«рѕюрѕГрѕх рїђрѕГрЅБ рѕўрІџрІх рЇЋрѕІрІЏ рІерѕўрїђрѕўрѕфрІФ рІ░рѕерїЃ ріЦріЋрІ░рІѕрїА рІерЅбрѕ« рЅЂрїЦрѕГ рІФрїѕріЎріЊрѕЇ
ethio_brand_collection,6105,2025-06-10T06:04:53+00:00,"Waerta loafer leather
Size 39,40,41,42,43,44
Price 4500 birr
­ЪЊїріарІхрѕФрѕ╗-рѕюріГрѕ▓рі« рі«рѕюрѕГрѕх рїђрѕГрЅБ рѕўрІџрІх рЇЋрѕІрІЏ рІерѕўрїђрѕўрѕфрІФ рІ░рѕерїЃ ріЦріЋрІ░рІѕрїА 101 рІерЅбрѕ« рЅЂрїЦрѕГ рІФрїѕріЎріЊрѕЇ or call 0920238243
                                     [EthioBrand](https://t.me/ethio_brand_collection) РюЁ",True,photo,..\..\data\raw\media\ethio_brand_collection_6105.jpg,"Waerta loafer leather Size 39,40,41,42,43,44 Price 4500 birr ріарІхрѕФрѕ╗рѕюріГрѕ▓рі« рі«рѕюрѕГрѕх рїђрѕГрЅБ рѕўрІџрІх рЇЋрѕІрІЏ рІерѕўрїђрѕўрѕфрІФ рІ░рѕерїЃ ріЦріЋрІ░рІѕрїА 101 рІерЅбрѕ« рЅЂрїЦрѕГ рІФрїѕріЎріЊрѕЇ or call 0920238243 EthioBrand ",ріарІхрѕФрѕ╗рѕюріГрѕ▓рі« рі«рѕюрѕГрѕх рїђрѕГрЅБ рѕўрІџрІх рЇЋрѕІрІЏ рІерѕўрїђрѕўрѕфрІФ рІ░рѕерїЃ ріЦріЋрІ░рІѕрїА рІерЅбрѕ« рЅЂрїЦрѕГ рІФрїѕріЎріЊрѕЇ
ethio_brand_collection,6116,2025-06-16T09:01:34+00:00,"Skechers archfit 
size 40,41,42,43
Price 3400 birr
­ЪЊїріарІхрѕФрѕ╗-рѕюріГрѕ▓рі« рі«рѕюрѕГрѕх рїђрѕГрЅБ рѕўрІџрІх рЇЋрѕІрІЏ рІерѕўрїђрѕўрѕфрІФ рІ░рѕерїЃ ріЦріЋрІ░рІѕрїА 101 рІерЅбрѕ« рЅЂрїЦрѕГ рІФрїѕріЎріЊрѕЇ or call 0920238243
                                    [EthioBrand](https://t.me/ethio_brand_collection) РюЁ",True,photo,..\..\data\raw\media\ethio_brand_collection_6116.jpg,"Skechers archfit size 40,41,42,43 Price 3400 birr ріарІхрѕФрѕ╗рѕюріГрѕ▓рі« рі«рѕюрѕГрѕх рїђрѕГрЅБ рѕўрІџрІх рЇЋрѕІрІЏ рІерѕўрїђрѕўрѕфрІФ рІ░рѕерїЃ ріЦріЋрІ░рІѕрїА 101 рІерЅбрѕ« рЅЂрїЦрѕГ рІФрїѕріЎріЊрѕЇ or call 0920238243 EthioBrand ",ріарІхрѕФрѕ╗рѕюріГрѕ▓рі« рі«рѕюрѕГрѕх рїђрѕГрЅБ рѕўрІџрІх рЇЋрѕІрІЏ рІерѕўрїђрѕўрѕфрІФ рІ░рѕерїЃ ріЦріЋрІ░рІѕрїА рІерЅбрѕ« рЅЂрїЦрѕГ рІФрїѕріЎріЊрѕЇ
Leyueqa,7573,2025-06-16T06:04:05+00:00,"hook  for different purposes

рѕ┤рѕФрѕџріГ рІѕрІГрѕЮ рѕўрѕхрЅ│рІЅрЅх рѕѕрІГ рІерѕџрѕѕрїарЇЇ

650 рЅЦрѕГ
­ЪЊї­ЪЊїріарІхрѕФрѕ╗
РГЋ№ИЈрЅЂрїЦрѕГ 1 рѕЇрІ░рЅ│ рІѕрІ░ рЅБрѕЇрЅ╗ рѕєрѕхрЇњрЅ│рѕЇ рїѕрЅБ рЅЦрѕј┬а ріарѕЁрѕўрІх рѕЁріЋрЇЃ рѕІрІГ 1ріЏрЇјрЅЁ 114B
 
0933334444 @LeMazez_z
0946242424 @Le_Mazez
0944109295 @Lemaze_z",True,document,,hook for different purposes рѕ┤рѕФрѕџріГ рІѕрІГрѕЮ рѕўрѕхрЅ│рІЅрЅх рѕѕрІГ рІерѕџрѕѕрїарЇЇ 650 рЅЦрѕГ ріарІхрѕФрѕ╗ рЅЂрїЦрѕГ 1 рѕЇрІ░рЅ│ рІѕрІ░ рЅБрѕЇрЅ╗ рѕєрѕхрЇњрЅ│рѕЇ рїѕрЅБ рЅЦрѕј ріарѕЁрѕўрІх рѕЁріЋрЇЃ рѕІрІГ 1ріЏрЇјрЅЁ 114B 0933334444 LeMazez_z 0946242424 Le_Mazez 0944109295 Lemaze_z,рѕ┤рѕФрѕџріГ рІѕрІГрѕЮ рѕўрѕхрЅ│рІЅрЅх рѕѕрІГ рІерѕџрѕѕрїарЇЇ рЅЦрѕГ ріарІхрѕФрѕ╗ рЅЂрїЦрѕГ рѕЇрІ░рЅ│ рІѕрІ░ рЅБрѕЇрЅ╗ рѕєрѕхрЇњрЅ│рѕЇ рїѕрЅБ рЅЦрѕј ріарѕЁрѕўрІх рѕЁріЋрЇЃ рѕІрІГ ріЏрЇјрЅЁ
Leyueqa,7515,2025-06-02T11:09:25+00:00,"РюЁРюЁLarge Size Portable Folding Stool┬а ­Ъћ┤**рЅхрѕЇрЅЂ рЅ░рїБрїБрЇі рІѕріЋрЅарѕГ****­Ъћ┤**

РюЁріЦрѕхріе 300LB рѕўрѕИріерѕЮ рІерѕџрЅйрѕЇ 
РюЁ рѕѕрѕЃрІГрѕЏріќрЅ│рІі рЅдрЅ│рІјрЅй┬а рЅ░рѕўрѕФрїГ
РюЁрѕѕрЅцрЅхрІјрѕЮ рїГрѕЮрѕГ ріЦріЋрїЇрІ│ рЅбрѕўрїБрЅдрЅх рѕўрѕєріЋ рІерѕџрЅйрѕЇ
РюЁрЅдрЅ│ рІерѕЏрІГрІЮ рЅарЅђрѕІрѕЅ рЅ░рїБрїЦрЇј рѕўрЅђрѕўрїЦ рІерѕџрЅйрѕЇ

РюЁ Light Wight Material Easy to Carry
РюЁGreat and Ideal for Kids, Adults & Seniors

РюЁPremium Quality - Made of tough & durable heavy-duty plastic for long-lasting durability

РюЁFor Kids, Adults, Kitchen Garden Bathroom Stepping Stool
┬а┬а┬а┬а┬а┬а┬а┬а┬а┬а┬а┬а┬а┬а 
┬а┬а┬а┬а┬а┬а┬а┬а┬а┬а┬а­Ъњх рІІрїІрЇд  1800 рЅЦрѕГ ­Ъњх
   0933334444 @LeMazez_z
┬а┬а 0944109295 @Lemaze_z
┬а┬а 0946242424 @Le_Mazez
┬а┬а #ріарІхрѕФрѕ╗
РюЁрЅЂрїЦрѕГ 1 рѕЇрІ░рЅ│ рІѕрІ░ рЅБрѕЇрЅ╗ рѕєрѕхрЇњрЅ│рѕЇ рїѕрЅБ рЅЦрѕј┬а ріарѕЁрѕўрІх рѕЁріЋрЇЃ рѕІрІГ 1ріЏрЇјрЅЁ 114B",True,photo,..\..\data\raw\media\Leyueqa_7515.jpg,"Large Size Portable Folding Stool рЅхрѕЇрЅЂ рЅ░рїБрїБрЇі рІѕріЋрЅарѕГ ріЦрѕхріе 300LB рѕўрѕИріерѕЮ рІерѕџрЅйрѕЇ  рѕѕрѕЃрІГрѕЏріќрЅ│рІі рЅдрЅ│рІјрЅй рЅ░рѕўрѕФрїГ рѕѕрЅцрЅхрІјрѕЮ рїГрѕЮрѕГ ріЦріЋрїЇрІ│ рЅбрѕўрїБрЅдрЅх рѕўрѕєріЋ рІерѕџрЅйрѕЇ рЅдрЅ│ рІерѕЏрІГрІЮ рЅарЅђрѕІрѕЅ рЅ░рїБрїЦрЇј рѕўрЅђрѕўрїЦ рІерѕџрЅйрѕЇ  Light Wight Material Easy to Carry Great and Ideal for Kids, Adults  Seniors Premium Quality  Made of tough  durable heavyduty plastic for longlasting durability For Kids, Adults, Kitchen Garden Bathroom Stepping Stool  рІІрїІрЇд 1800 рЅЦрѕГ  0933334444 LeMazez_z 0944109295 Lemaze_z 0946242424 Le_Mazez ріарІхрѕФрѕ╗ рЅЂрїЦрѕГ 1 рѕЇрІ░рЅ│ рІѕрІ░ рЅБрѕЇрЅ╗ рѕєрѕхрЇњрЅ│рѕЇ рїѕрЅБ рЅЦрѕј ріарѕЁрѕўрІх рѕЁріЋрЇЃ рѕІрІГ 1ріЏрЇјрЅЁ 114B",рЅхрѕЇрЅЂ рЅ░рїБрїБрЇі рІѕріЋрЅарѕГ ріЦрѕхріе рѕўрѕИріерѕЮ рІерѕџрЅйрѕЇ  рѕѕрѕЃрІГрѕЏріќрЅ│рІі рЅдрЅ│рІјрЅй рЅ░рѕўрѕФрїГ рѕѕрЅцрЅхрІјрѕЮ рїГрѕЮрѕГ ріЦріЋрїЇрІ│ рЅбрѕўрїБрЅдрЅх рѕўрѕєріЋ рІерѕџрЅйрѕЇ рЅдрЅ│ рІерѕЏрІГрІЮ рЅарЅђрѕІрѕЅ рЅ░рїБрїЦрЇј рѕўрЅђрѕўрїЦ рІерѕџрЅйрѕЇ рІІрїІрЇд рЅЦрѕГ ріарІхрѕФрѕ╗ рЅЂрїЦрѕГ рѕЇрІ░рЅ│ рІѕрІ░ рЅБрѕЇрЅ╗ рѕєрѕхрЇњрЅ│рѕЇ рїѕрЅБ рЅЦрѕј ріарѕЁрѕўрІх рѕЁріЋрЇЃ рѕІрІГ ріЏрЇјрЅЁ
Leyueqa,7521,2025-06-03T05:56:48+00:00,"РџА№ИЈРџА№ИЈРџА№ИЈ Kitchen Sink Utensils Drying Rack

Рюћ№ИЈрІерЅ│рїарЅА рІерІѕрїЦ рЅцрЅх рІЋрЅЃрІјрЅй рѕЏрІхрѕерЅѓрІФ
Рюћ№ИЈріерѕЏрІГрІЮрїЇ рЅЦрѕерЅх рІерЅ░рѕ░рѕФ
Рюћ№ИЈ рЅарЅђрѕІрѕЅ рІерѕџрїѕрїБрїарѕЮ
Рюћ№ИЈ рѕЏріЋріЏрІЇрѕЮ рІерІЋрЅЃ рѕЏрїарЅбрІФ рѕ▓ріЋріГ рѕІрІГ рІерѕџрїѕрїарѕЮ

­Ъњх7700 рЅЦрѕГ­Ъњх
рІ▓рѕірЅерѕф ріаріЊрѕхріерЇЇрѕЇрѕЮ­ЪџФ

#ріГрЇЇрІФрІјріЋ_ рІЋрЅЃрІЅ _ріЦрїЁрІј рѕ▓рІ░рѕГрѕх_ріерЇѕрѕѕрїЅ_рЅаріФрѕй_ріарѕЇрІФрѕЮ_рЅарѕърЅБрІГрѕЇ_рЅБріЋріфріЋрїЇ_рѕўрЇѕрЇђрѕЮ_рІГрЅйрѕІрѕЅ рЅарЅ░рїерѕЏрѕф #ріе_1000_рЅЦрѕГ рЅарѕІрІГ рІерѕџрЅ░рѕўріЉ #рѕЂрѕѕрЅх_рІЋрЅЃрІјрЅйріЋ_ рѕ▓рїѕрІЎ рѕхрїдрЅ│ ріЦріЋрѕЇріГрѕѕрІјрЅ│рѕѕріЋ 
­ЪјЂ T.me/Leyueqa ­ЪЉѕрЅ╗ріЊрѕІрЅйріЋріЋ рѕѕрїЊрІ░ріЏрІј рѕИрѕГ рѕЏрІхрѕерїЇрІјріЋ ріарІГрѕГрѕ▒ 
┬а┬а┬а┬а┬а┬а┬а┬а┬а┬а┬а­ЪЉЅрІФрѕЅрЅарЅх рІхрѕерѕх рЅаріљрЇЃ ріЦріЊрІ░рѕГрѕ│рѕѕріЋ ­ЪЏъ
┬а┬а┬а┬а┬а┬а┬а┬а┬а┬а
┬а┬а┬а┬а┬а┬а┬а┬а┬а┬а┬а 0933334444 @LeMazez_z
┬а┬а┬а┬а┬а┬а┬а┬а┬а┬а┬а 0944109295 @Lemaze_z
┬а┬а┬а┬а┬а┬а┬а┬а┬а┬а┬а 0946242424 @Le_Mazez",True,document,, Kitchen Sink Utensils Drying Rack рІерЅ│рїарЅА рІерІѕрїЦ рЅцрЅх рІЋрЅЃрІјрЅй рѕЏрІхрѕерЅѓрІФ ріерѕЏрІГрІЮрїЇ рЅЦрѕерЅх рІерЅ░рѕ░рѕФ  рЅарЅђрѕІрѕЅ рІерѕџрїѕрїБрїарѕЮ  рѕЏріЋріЏрІЇрѕЮ рІерІЋрЅЃ рѕЏрїарЅбрІФ рѕ▓ріЋріГ рѕІрІГ рІерѕџрїѕрїарѕЮ 7700 рЅЦрѕГ рІ▓рѕірЅерѕф ріаріЊрѕхріерЇЇрѕЇрѕЮ ріГрЇЇрІФрІјріЋ_ рІЋрЅЃрІЅ _ріЦрїЁрІј рѕ▓рІ░рѕГрѕх_ріерЇѕрѕѕрїЅ_рЅаріФрѕй_ріарѕЇрІФрѕЮ_рЅарѕърЅБрІГрѕЇ_рЅБріЋріфріЋрїЇ_рѕўрЇѕрЇђрѕЮ_рІГрЅйрѕІрѕЅ рЅарЅ░рїерѕЏрѕф ріе_1000_рЅЦрѕГ рЅарѕІрІГ рІерѕџрЅ░рѕўріЉ рѕЂрѕѕрЅх_рІЋрЅЃрІјрЅйріЋ_ рѕ▓рїѕрІЎ рѕхрїдрЅ│ ріЦріЋрѕЇріГрѕѕрІјрЅ│рѕѕріЋ  T.meLeyueqa рЅ╗ріЊрѕІрЅйріЋріЋ рѕѕрїЊрІ░ріЏрІј рѕИрѕГ рѕЏрІхрѕерїЇрІјріЋ ріарІГрѕГрѕ▒ рІФрѕЅрЅарЅх рІхрѕерѕх рЅаріљрЇЃ ріЦріЊрІ░рѕГрѕ│рѕѕріЋ  0933334444 LeMazez_z 0944109295 Lemaze_z 0946242424 Le_Mazez,рІерЅ│рїарЅА рІерІѕрїЦ рЅцрЅх рІЋрЅЃрІјрЅй рѕЏрІхрѕерЅѓрІФ ріерѕЏрІГрІЮрїЇ рЅЦрѕерЅх рІерЅ░рѕ░рѕФ  рЅарЅђрѕІрѕЅ рІерѕџрїѕрїБрїарѕЮ  рѕЏріЋріЏрІЇрѕЮ рІерІЋрЅЃ рѕЏрїарЅбрІФ рѕ▓ріЋріГ рѕІрІГ рІерѕџрїѕрїарѕЮ рЅЦрѕГ рІ▓рѕірЅерѕф ріаріЊрѕхріерЇЇрѕЇрѕЮ ріГрЇЇрІФрІјріЋ рІЋрЅЃрІЅ ріЦрїЁрІј рѕ▓рІ░рѕГрѕх ріерЇѕрѕѕрїЅ рЅаріФрѕй ріарѕЇрІФрѕЮ рЅарѕърЅБрІГрѕЇ рЅБріЋріфріЋрїЇ рѕўрЇѕрЇђрѕЮ рІГрЅйрѕІрѕЅ рЅарЅ░рїерѕЏрѕф ріе рЅЦрѕГ рЅарѕІрІГ рІерѕџрЅ░рѕўріЉ рѕЂрѕѕрЅх рІЋрЅЃрІјрЅйріЋ рѕ▓рїѕрІЎ рѕхрїдрЅ│ ріЦріЋрѕЇріГрѕѕрІјрЅ│рѕѕріЋ рЅ╗ріЊрѕІрЅйріЋріЋ рѕѕрїЊрІ░ріЏрІј рѕИрѕГ рѕЏрІхрѕерїЇрІјріЋ ріарІГрѕГрѕ▒ рІФрѕЅрЅарЅх рІхрѕерѕх рЅаріљрЇЃ ріЦріЊрІ░рѕГрѕ│рѕѕріЋ
Leyueqa,7588,2025-06-17T14:27:10+00:00,"­ЪњЦ­ЪњЦstorage bowl 4pcs 

**рІІрїІ 2100┬а ріеріљрЇЃ рІ▓рѕірЅерѕф рїІрѕГ**

**рЅарЅ░рїерѕЏрѕф **#ріе_1000_рЅЦрѕГ** рЅарѕІрІГ рІерѕєріЉ
**#рѕЂрѕѕрЅх_рІЋрЅЃрІјрЅй** рЅаріаріЋрІхрІ▓рѕірЅерѕф рїЇрІю┬а рѕ▓рІФрІЎ рѕхрїдрЅ│ ріЦріЋрѕЇріГрѕѕрІјрЅ│рѕѕріЋ **
T.me/Leyueqa рЅ╗ріЊрѕІрЅйріЋріЋ рѕѕрїЊрІ░ріЏрІј рѕИрѕГ рѕЏрІхрѕерїЇрІјріЋ ріарІГрѕГрѕ▒ 
┬а┬а┬а┬а┬а┬а┬а
┬а┬а 0933334444 @LeMazez_z
┬а┬а 0944109295 @Lemaze_z
┬а┬а 0946242424 @Le_Mazez
┬а┬а РюЁріарІхрѕФрѕ╗
РГЋ№ИЈрЅЂрїЦрѕГ 1 рѕЇрІ░рЅ│ рІѕрІ░ рЅБрѕЇрЅ╗ рѕєрѕхрЇњрЅ│рѕЇ рїѕрЅБ рЅЦрѕј┬а ріарѕЁрѕўрІх рѕЁріЋрЇЃ рѕІрІГ 1ріЏрЇјрЅЁ 114B",True,photo,..\..\data\raw\media\Leyueqa_7588.jpg,storage bowl 4pcs рІІрїІ 2100 ріеріљрЇЃ рІ▓рѕірЅерѕф рїІрѕГ рЅарЅ░рїерѕЏрѕф ріе_1000_рЅЦрѕГ рЅарѕІрІГ рІерѕєріЉ рѕЂрѕѕрЅх_рІЋрЅЃрІјрЅй рЅаріаріЋрІхрІ▓рѕірЅерѕф рїЇрІю рѕ▓рІФрІЎ рѕхрїдрЅ│ ріЦріЋрѕЇріГрѕѕрІјрЅ│рѕѕріЋ  T.meLeyueqa рЅ╗ріЊрѕІрЅйріЋріЋ рѕѕрїЊрІ░ріЏрІј рѕИрѕГ рѕЏрІхрѕерїЇрІјріЋ ріарІГрѕГрѕ▒ 0933334444 LeMazez_z 0944109295 Lemaze_z 0946242424 Le_Mazez ріарІхрѕФрѕ╗ рЅЂрїЦрѕГ 1 рѕЇрІ░рЅ│ рІѕрІ░ рЅБрѕЇрЅ╗ рѕєрѕхрЇњрЅ│рѕЇ рїѕрЅБ рЅЦрѕј ріарѕЁрѕўрІх рѕЁріЋрЇЃ рѕІрІГ 1ріЏрЇјрЅЁ 114B,рІІрїІ ріеріљрЇЃ рІ▓рѕірЅерѕф рїІрѕГ рЅарЅ░рїерѕЏрѕф ріе рЅЦрѕГ рЅарѕІрІГ рІерѕєріЉ рѕЂрѕѕрЅх рІЋрЅЃрІјрЅй рЅаріаріЋрІхрІ▓рѕірЅерѕф рїЇрІю рѕ▓рІФрІЎ рѕхрїдрЅ│ ріЦріЋрѕЇріГрѕѕрІјрЅ│рѕѕріЋ рЅ╗ріЊрѕІрЅйріЋріЋ рѕѕрїЊрІ░ріЏрІј рѕИрѕГ рѕЏрІхрѕерїЇрІјріЋ ріарІГрѕГрѕ▒ ріарІхрѕФрѕ╗ рЅЂрїЦрѕГ рѕЇрІ░рЅ│ рІѕрІ░ рЅБрѕЇрЅ╗ рѕєрѕхрЇњрЅ│рѕЇ рїѕрЅБ рЅЦрѕј ріарѕЁрѕўрІх рѕЁріЋрЇЃ рѕІрІГ ріЏрЇјрЅЁ
Leyueqa,7525,2025-06-04T06:04:22+00:00,"­ЪњЦ­ЪњЦ­ЪњЦtouch technology ele (рЅ░рЅй рІеріцрѕїріГрЅхрѕфріГ рѕхрЅХрЅГ) 

­Ъћ┤Touch screen control system
­Ъћ┤ рѕѕріарїарЅЃрЅђрѕЮ рЅарїБрѕЮ рѕЮрЅ╣ ріЦріЊ рІўрѕўріЊрІі
­Ъћ┤ ріерѕўрїаріЋ рЅарѕІрІГ ріЦріЋрІ│рІГрїЇрѕЇ рѕўріерѕІріерІФ рІФрѕѕрІЇ
­Ъћ┤ рЅєрѕ╗рѕ╗ рІерѕЏрІГрІЮ

рІЇрѕхріЋ рЇЇрѕг ріљрІЇ рІерЅђрѕерІЇРџа№ИЈРЂЅ№ИЈ 
< Limited Stock 
**рІІрїІрЇд­Ъњх  4100 рЅЦрѕГ**
**ріеріљрЇЃ рІ▓рѕірЅерѕф рїІрѕГ**
            0933334444 @LeMazez_z 
┬а┬а┬а┬а┬а┬а┬а┬а┬а┬а┬а 0946242424 @Le_Mazez
┬а┬а┬а┬а┬а┬а┬а┬а ┬а┬а 0944109295 @Lemaze_z
#ріГрЇЇрІФрІјріЋ_рЅарѕърЅБрІГрѕЇ_рЅБріЋріфріЋрїЇ_рѕўрЇѕрЇђрѕЮрѕЮ_рІГрЅйрѕІрѕЅ рЅарЅ░рїерѕЏрѕф #ріе_1000_рЅЦрѕГ** рЅарѕІрІГ** рІерѕєріЉ
#рѕЂрѕѕрЅх_рІЋрЅЃрІјрЅй рѕ▓рїѕрІЎ рѕхрїдрЅ│ ріЦріЋрѕЇріГрѕѕрІјрЅ│рѕѕріЋ 
­ЪјЂ T.me/Leyueqa ­ЪЉѕрЅ╗ріЊрѕІрЅйріЋріЋ рѕѕрїЊрІ░ріЏрІј рѕИрѕГ рѕЏрІхрѕерїЇрІјріЋ ріарІГрѕГрѕ▒┬а┬а┬а",True,photo,..\..\data\raw\media\Leyueqa_7525.jpg,touch technology ele рЅ░рЅй рІеріцрѕїріГрЅхрѕфріГ рѕхрЅХрЅГ Touch screen control system  рѕѕріарїарЅЃрЅђрѕЮ рЅарїБрѕЮ рѕЮрЅ╣ ріЦріЊ рІўрѕўріЊрІі  ріерѕўрїаріЋ рЅарѕІрІГ ріЦріЋрІ│рІГрїЇрѕЇ рѕўріерѕІріерІФ рІФрѕѕрІЇ  рЅєрѕ╗рѕ╗ рІерѕЏрІГрІЮ рІЇрѕхріЋ рЇЇрѕг ріљрІЇ рІерЅђрѕерІЇ  Limited Stock рІІрїІрЇд 4100 рЅЦрѕГ ріеріљрЇЃ рІ▓рѕірЅерѕф рїІрѕГ 0933334444 LeMazez_z 0946242424 Le_Mazez 0944109295 Lemaze_z ріГрЇЇрІФрІјріЋ_рЅарѕърЅБрІГрѕЇ_рЅБріЋріфріЋрїЇ_рѕўрЇѕрЇђрѕЮрѕЮ_рІГрЅйрѕІрѕЅ рЅарЅ░рїерѕЏрѕф ріе_1000_рЅЦрѕГ рЅарѕІрІГ рІерѕєріЉ рѕЂрѕѕрЅх_рІЋрЅЃрІјрЅй рѕ▓рїѕрІЎ рѕхрїдрЅ│ ріЦріЋрѕЇріГрѕѕрІјрЅ│рѕѕріЋ  T.meLeyueqa рЅ╗ріЊрѕІрЅйріЋріЋ рѕѕрїЊрІ░ріЏрІј рѕИрѕГ рѕЏрІхрѕерїЇрІјріЋ ріарІГрѕГрѕ▒,рЅ░рЅй рІеріцрѕїріГрЅхрѕфріГ рѕхрЅХрЅГ рѕѕріарїарЅЃрЅђрѕЮ рЅарїБрѕЮ рѕЮрЅ╣ ріЦріЊ рІўрѕўріЊрІі  ріерѕўрїаріЋ рЅарѕІрІГ ріЦріЋрІ│рІГрїЇрѕЇ рѕўріерѕІріерІФ рІФрѕѕрІЇ  рЅєрѕ╗рѕ╗ рІерѕЏрІГрІЮ рІЇрѕхріЋ рЇЇрѕг ріљрІЇ рІерЅђрѕерІЇ рІІрїІрЇд рЅЦрѕГ ріеріљрЇЃ рІ▓рѕірЅерѕф рїІрѕГ ріГрЇЇрІФрІјріЋ рЅарѕърЅБрІГрѕЇ рЅБріЋріфріЋрїЇ рѕўрЇѕрЇђрѕЮрѕЮ рІГрЅйрѕІрѕЅ рЅарЅ░рїерѕЏрѕф ріе рЅЦрѕГ рЅарѕІрІГ рІерѕєріЉ рѕЂрѕѕрЅх рІЋрЅЃрІјрЅй рѕ▓рїѕрІЎ рѕхрїдрЅ│ ріЦріЋрѕЇріГрѕѕрІјрЅ│рѕѕріЋ рЅ╗ріЊрѕІрЅйріЋріЋ рѕѕрїЊрІ░ріЏрІј рѕИрѕГ рѕЏрІхрѕерїЇрІјріЋ ріарІГрѕГрѕ▒
Leyueqa,7602,2025-06-20T06:11:37+00:00,"­ЪЉЅ­ЪЉЅ­ЪЉЅSuper Stretch Silicon Lids ( 6 pack )

­Ъћ░рІерІЋрЅЃ рѕўрѕИрЇѕріЏ рѕ▓рѕіріеріЋ рЇЋрѕІрѕхрЅ▓рі«рЅй рЅарЅ░рІ░рїІрїІрѕџ рІерѕЮріЋрїарЅђрѕЮрЅБрЅИрІЅ рЅарЅ░рѕѕрІФрІЕ рѕ│рІГрІърЅй рІерЅђрѕерЅА рІерѕџрѕѕрїарїЦ рІерѕЏрІГрЅђрІ░рІх 

Kitchen + Home Silicone Stretch Lids┬а 
Set of 6 Silicone Food Saver Covers 

­Ъћ░ Superior Quality┬а 
­Ъћ░ Lids that fit 
­Ъћ░ Reusable 
­Ъћ░ Temperature Resistant┬а 
­Ъћ░ Food Safe

┬а┬а┬а┬а┬а┬а┬а рІІрїІ­ЪЉЅ 450рЅЦрѕГ
┬а┬а
┬а**┬а┬а┬а┬а┬а┬а┬арЅарЅ░рїерѕЏрѕф ****#ріе_1000_рЅЦрѕГ**** рЅарѕІрІГ рІерѕєріЉ
****#рѕЂрѕѕрЅх_рІЋрЅЃрІјрЅй**** рЅаріаріЋрІхрІ▓рѕірЅерѕф рїЇрІю┬а рѕ▓рІФрІЎ рѕхрїдрЅ│ ріЦріЋрѕЇріГрѕѕрІјрЅ│рѕѕріЋ 
­ЪјЂ ****T.me/Leyueqa**** ­ЪЉѕрЅ╗ріЊрѕІрЅйріЋріЋ рѕѕрїЊрІ░ріЏрІј рѕИрѕГ рѕЏрІхрѕерїЇрІјріЋ ріарІГрѕГрѕ▒ 
┬а┬а┬а┬а┬а┬а┬а┬а┬а┬а┬а ****0933334444**** ****@LeMazez_z****
┬а┬а┬а┬а┬а┬а┬а┬а┬а┬а┬а ****0944109295**** ****@Lemaze_z****
┬а┬а┬а┬а┬а┬а┬а┬а┬а┬а┬а ****0946242424**** ****@Le_Mazez****┬а┬а┬а┬а┬а┬а┬а┬а┬а ┬а┬а┬а┬а┬а┬а┬а┬а┬а┬а┬а┬а┬а┬а┬а┬а┬а**",True,document,,Super Stretch Silicon Lids  6 pack  рІерІЋрЅЃ рѕўрѕИрЇѕріЏ рѕ▓рѕіріеріЋ рЇЋрѕІрѕхрЅ▓рі«рЅй рЅарЅ░рІ░рїІрїІрѕџ рІерѕЮріЋрїарЅђрѕЮрЅБрЅИрІЅ рЅарЅ░рѕѕрІФрІЕ рѕ│рІГрІърЅй рІерЅђрѕерЅА рІерѕџрѕѕрїарїЦ рІерѕЏрІГрЅђрІ░рІх Kitchen  Home Silicone Stretch Lids Set of 6 Silicone Food Saver Covers  Superior Quality  Lids that fit  Reusable  Temperature Resistant  Food Safe рІІрїІ 450рЅЦрѕГ  рЅарЅ░рїерѕЏрѕф ріе_1000_рЅЦрѕГ рЅарѕІрІГ рІерѕєріЉ рѕЂрѕѕрЅх_рІЋрЅЃрІјрЅй рЅаріаріЋрІхрІ▓рѕірЅерѕф рїЇрІю рѕ▓рІФрІЎ рѕхрїдрЅ│ ріЦріЋрѕЇріГрѕѕрІјрЅ│рѕѕріЋ  T.meLeyueqa рЅ╗ріЊрѕІрЅйріЋріЋ рѕѕрїЊрІ░ріЏрІј рѕИрѕГ рѕЏрІхрѕерїЇрІјріЋ ріарІГрѕГрѕ▒ 0933334444 LeMazez_z 0944109295 Lemaze_z 0946242424 Le_Mazez ,рІерІЋрЅЃ рѕўрѕИрЇѕріЏ рѕ▓рѕіріеріЋ рЇЋрѕІрѕхрЅ▓рі«рЅй рЅарЅ░рІ░рїІрїІрѕџ рІерѕЮріЋрїарЅђрѕЮрЅБрЅИрІЅ рЅарЅ░рѕѕрІФрІЕ рѕ│рІГрІърЅй рІерЅђрѕерЅА рІерѕџрѕѕрїарїЦ рІерѕЏрІГрЅђрІ░рІх рІІрїІ рЅЦрѕГ  рЅарЅ░рїерѕЏрѕф ріе рЅЦрѕГ рЅарѕІрІГ рІерѕєріЉ рѕЂрѕѕрЅх рІЋрЅЃрІјрЅй рЅаріаріЋрІхрІ▓рѕірЅерѕф рїЇрІю рѕ▓рІФрІЎ рѕхрїдрЅ│ ріЦріЋрѕЇріГрѕѕрІјрЅ│рѕѕріЋ рЅ╗ріЊрѕІрЅйріЋріЋ рѕѕрїЊрІ░ріЏрІј рѕИрѕГ рѕЏрІхрѕерїЇрІјріЋ ріарІГрѕГрѕ▒
Leyueqa,7575,2025-06-16T09:06:01+00:00,"­Ъћ┤­Ъћ┤рѕѕріГрЅхрЇј┬а рѕхрїІ рѕѕрѕЏрІхрЅђрЅЁ рѕѕрїјрѕўріЋ рѕѕрЇњрІЏ рѕўрЅЂрѕерїФрѕЮ рѕўрїарЅђрѕЮ рІерѕџрЅйрѕЅрЅх рѕЮрѕГрїЦ рЅбрѕІрІІ рЅа ­Ъњх1450 рЅЦрѕГ рЅЦрЅ╗ **Pizza Cutter - Pizza Slicer - Mezzaluna / Mincing Knife - Double Handle Ideal for Mincing Dicing Chopping & Slicing - with Serrated Knife**
­ЪЊї­ЪЊїріарІхрѕФрѕ╗
РГЋ№ИЈрЅЂрїЦрѕГ 1 рѕЇрІ░рЅ│ рІѕрІ░ рЅБрѕЇрЅ╗ рѕєрѕхрЇњрЅ│рѕЇ рїѕрЅБ рЅЦрѕј┬а ріарѕЁрѕўрІх рѕЁріЋрЇЃ рѕІрІГ 1ріЏрЇјрЅЁ 114B
 
0933334444 @LeMazez_z
0946242424 @Le_Mazez
0944109295 @Lemaze_z",True,photo,..\..\data\raw\media\Leyueqa_7575.jpg,рѕѕріГрЅхрЇј рѕхрїІ рѕѕрѕЏрІхрЅђрЅЁ рѕѕрїјрѕўріЋ рѕѕрЇњрІЏ рѕўрЅЂрѕерїФрѕЮ рѕўрїарЅђрѕЮ рІерѕџрЅйрѕЅрЅх рѕЮрѕГрїЦ рЅбрѕІрІІ рЅа 1450 рЅЦрѕГ рЅЦрЅ╗ Pizza Cutter  Pizza Slicer  Mezzaluna  Mincing Knife  Double Handle Ideal for Mincing Dicing Chopping  Slicing  with Serrated Knife ріарІхрѕФрѕ╗ рЅЂрїЦрѕГ 1 рѕЇрІ░рЅ│ рІѕрІ░ рЅБрѕЇрЅ╗ рѕєрѕхрЇњрЅ│рѕЇ рїѕрЅБ рЅЦрѕј ріарѕЁрѕўрІх рѕЁріЋрЇЃ рѕІрІГ 1ріЏрЇјрЅЁ 114B 0933334444 LeMazez_z 0946242424 Le_Mazez 0944109295 Lemaze_z,рѕѕріГрЅхрЇј рѕхрїІ рѕѕрѕЏрІхрЅђрЅЁ рѕѕрїјрѕўріЋ рѕѕрЇњрІЏ рѕўрЅЂрѕерїФрѕЮ рѕўрїарЅђрѕЮ рІерѕџрЅйрѕЅрЅх рѕЮрѕГрїЦ рЅбрѕІрІІ рЅа рЅЦрѕГ рЅЦрЅ╗ ріарІхрѕФрѕ╗ рЅЂрїЦрѕГ рѕЇрІ░рЅ│ рІѕрІ░ рЅБрѕЇрЅ╗ рѕєрѕхрЇњрЅ│рѕЇ рїѕрЅБ рЅЦрѕј ріарѕЁрѕўрІх рѕЁріЋрЇЃ рѕІрІГ ріЏрЇјрЅЁ
Leyueqa,7508,2025-06-02T06:08:42+00:00,"­Ъћ╗­Ъћ╗рѕѓріЊ henna stencils designed for creating temporary henna tattoos.┬а

pair price 299
#ріГрЇЇрІФрІјріЋ_ рІЋрЅЃрІЅ _ріЦрїЁрІј рѕ▓рІ░рѕГрѕх_ріерЇѕрѕѕрїЅ_рЅаріФрѕй_ріарѕЇрІФрѕЮ_рЅарѕърЅБрІГрѕЇ_рЅБріЋріфріЋрїЇ_рѕўрЇѕрЇђрѕЮ_рІГрЅйрѕІрѕЅ рЅарЅ░рїерѕЏрѕф #ріе_1000_рЅЦрѕГ рЅарѕІрІГ рІерѕџрЅ░рѕўріЉ #рѕЂрѕѕрЅх_рІЋрЅЃрІјрЅйріЋ_ рѕ▓рїѕрІЎ рѕхрїдрЅ│ ріЦріЋрѕЇріГрѕѕрІјрЅ│рѕѕріЋ 
­ЪјЂ T.me/Leyueqa ­ЪЉѕрЅ╗ріЊрѕІрЅйріЋріЋ рѕѕрїЊрІ░ріЏрІј рѕИрѕГ рѕЏрІхрѕерїЇрІјріЋ ріарІГрѕГрѕ▒ 
┬а┬а┬а┬а┬а┬а┬а┬а┬а┬а┬а­ЪЉЅ рІФрѕЅрЅарЅх рІхрѕерѕх рЅаріљрЇЃ ріЦріЊрІ░рѕГрѕ│рѕѕріЋ ­ЪџЌ
┬а┬а┬а┬а┬а┬а┬а┬а┬а┬а
┬а┬а┬а┬а┬а┬а┬а┬а┬а┬а┬а 0933334444 @LeMazez_z
┬а┬а┬а┬а┬а┬а┬а┬а┬а┬а┬а 0944109295 @Lemaze_z
┬а┬а┬а┬а┬а┬а┬а┬а┬а┬а┬а 0946242424 @Le_Mazez",True,document,,рѕѓріЊ henna stencils designed for creating temporary henna tattoos. pair price 299 ріГрЇЇрІФрІјріЋ_ рІЋрЅЃрІЅ _ріЦрїЁрІј рѕ▓рІ░рѕГрѕх_ріерЇѕрѕѕрїЅ_рЅаріФрѕй_ріарѕЇрІФрѕЮ_рЅарѕърЅБрІГрѕЇ_рЅБріЋріфріЋрїЇ_рѕўрЇѕрЇђрѕЮ_рІГрЅйрѕІрѕЅ рЅарЅ░рїерѕЏрѕф ріе_1000_рЅЦрѕГ рЅарѕІрІГ рІерѕџрЅ░рѕўріЉ рѕЂрѕѕрЅх_рІЋрЅЃрІјрЅйріЋ_ рѕ▓рїѕрІЎ рѕхрїдрЅ│ ріЦріЋрѕЇріГрѕѕрІјрЅ│рѕѕріЋ  T.meLeyueqa рЅ╗ріЊрѕІрЅйріЋріЋ рѕѕрїЊрІ░ріЏрІј рѕИрѕГ рѕЏрІхрѕерїЇрІјріЋ ріарІГрѕГрѕ▒  рІФрѕЅрЅарЅх рІхрѕерѕх рЅаріљрЇЃ ріЦріЊрІ░рѕГрѕ│рѕѕріЋ  0933334444 LeMazez_z 0944109295 Lemaze_z 0946242424 Le_Mazez,рѕѓріЊ ріГрЇЇрІФрІјріЋ рІЋрЅЃрІЅ ріЦрїЁрІј рѕ▓рІ░рѕГрѕх ріерЇѕрѕѕрїЅ рЅаріФрѕй ріарѕЇрІФрѕЮ рЅарѕърЅБрІГрѕЇ рЅБріЋріфріЋрїЇ рѕўрЇѕрЇђрѕЮ рІГрЅйрѕІрѕЅ рЅарЅ░рїерѕЏрѕф ріе рЅЦрѕГ рЅарѕІрІГ рІерѕџрЅ░рѕўріЉ рѕЂрѕѕрЅх рІЋрЅЃрІјрЅйріЋ рѕ▓рїѕрІЎ рѕхрїдрЅ│ ріЦріЋрѕЇріГрѕѕрІјрЅ│рѕѕріЋ рЅ╗ріЊрѕІрЅйріЋріЋ рѕѕрїЊрІ░ріЏрІј рѕИрѕГ рѕЏрІхрѕерїЇрІјріЋ ріарІГрѕГрѕ▒  рІФрѕЅрЅарЅх рІхрѕерѕх рЅаріљрЇЃ ріЦріЊрІ░рѕГрѕ│рѕѕріЋ
Leyueqa,7604,2025-06-20T10:47:45+00:00,"­ЪјЂ­ЪјЂ­ЪјЂPortable Electric Lunch Box

РЈЕрІеріцрѕїріГрЅхрѕфріГ рѕЏрѕърЅѓрІФ рІФрѕѕрІЇ рІерѕЮрѕ│ ріЦрЅЃ РЎе№ИЈ
РЈЕріерІџрѕЁ рЅаріІрѕІ рІерІФрІЮріЕрЅх рѕЮрїЇрЅЦ рІГрЅђрІўрЅЁрІЮрЅЦріЏрѕЇ рЅЦрѕѕрІЇ ріарІГрѕхрїЅ

РГљ№ИЈрЅарЅбрѕ«рІј рІЇрѕхрїЦ
РГљ№ИЈрѕѕрѕЇрїєрЅй рЅхрѕЮрѕЁрѕГрЅх рЅцрЅх
РГљ№ИЈрЅарѕЏріЋріЏрІЅрѕЮ рѕ░ріарЅх рЅарѕЏріЋріЏрІЅрѕЮ рїірІю ріЋрЇЂ ріЦріЊ рЅхріЕрѕх рѕЮрїЇрЅЦ рІГрѕўрїѕрЅА
Рюерѕѕ рѕЁрЇЃріЊрЅхрѕЮ рѕєріљ рѕѕріарІІрЅѓрІјрЅй рѕЮрЅ╣ рЅ░рІ░рѕГрїј рІерЅ░рІўрїІрїђ

­ЪД╝рѕѕрѕЏрїйрІ│рЅх рЅђрѕІрѕЇ

­ЪћЦCooking_Lunch_Box
РџА№ИЈ#Material: Stainless Steel+ Plastic
РџА№ИЈ#Power: 40W
РџА№ИЈ#Voltage: 220V
РџА№ИЈ#Capicity: 1.05L (Rice Box 0.6L, Dish Box 0.45L)

#Package_Includes
1├Ќ Lunch Box
1├Ќ Home Adapter
1├Ќ Car Adapter

­Ъћ┤Available_Color: Blue, Green, 
                                 Orange, Red

**­Ъњх****рІІрїІрЇд┬а┬а1,550 рЅЦрѕГ рЅдрѕГрѕ│ рІерѕѕрІЅрѕЮ****­Ъўђ**** ****­Ъњх**


#ріГрЇЇрІФрІјріЋ_ рІЋрЅЃрІЅ _ріЦрїЁрІј рѕ▓рІ░рѕГрѕх_ріерЇѕрѕѕрїЅ_рЅаріФрѕй_ріарѕЇрІФрѕЮ_рЅарѕърЅБрІГрѕЇ_рЅБріЋріфріЋрїЇ_рѕўрЇѕрЇђрѕЮ_рІГрЅйрѕІрѕЅ рЅарЅ░рїерѕЏрѕф #ріе_1000_рЅЦрѕГ рЅарѕІрІГ рІерѕџрЅ░рѕўріЉ #рѕЂрѕѕрЅх_рІЋрЅЃрІјрЅйріЋ_ рѕ▓рїѕрІЎ рѕхрїдрЅ│ ріЦріЋрѕЇріГрѕѕрІјрЅ│рѕѕріЋ 
­ЪјЂ T.me/Leyueqa ­ЪЉѕрЅ╗ріЊрѕІрЅйріЋріЋ рѕѕрїЊрІ░ріЏрІј рѕИрѕГ рѕЏрІхрѕерїЇрІјріЋ ріарІГрѕГрѕ▒ 
┬а┬а┬а┬а┬а┬а┬а┬а┬а┬а┬а
┬а┬а┬а┬а┬а┬а┬а┬а┬а┬а
┬а┬а┬а┬а┬а┬а┬а┬а┬а┬а┬а 0933334444 @LeMazez_z
┬а┬а┬а┬а┬а┬а┬а┬а┬а┬а┬а 0944109295 @Lemaze_z
┬а┬а┬а┬а┬а┬а┬а┬а┬а┬а┬а 0946242424 @Le_Mazez",True,document,,"Portable Electric Lunch Box рІеріцрѕїріГрЅхрѕфріГ рѕЏрѕърЅѓрІФ рІФрѕѕрІЇ рІерѕЮрѕ│ ріЦрЅЃ  ріерІџрѕЁ рЅаріІрѕІ рІерІФрІЮріЕрЅх рѕЮрїЇрЅЦ рІГрЅђрІўрЅЁрІЮрЅЦріЏрѕЇ рЅЦрѕѕрІЇ ріарІГрѕхрїЅ рЅарЅбрѕ«рІј рІЇрѕхрїЦ рѕѕрѕЇрїєрЅй рЅхрѕЮрѕЁрѕГрЅх рЅцрЅх рЅарѕЏріЋріЏрІЅрѕЮ рѕ░ріарЅх рЅарѕЏріЋріЏрІЅрѕЮ рїірІю ріЋрЇЂ ріЦріЊ рЅхріЕрѕх рѕЮрїЇрЅЦ рІГрѕўрїѕрЅА рѕѕ рѕЁрЇЃріЊрЅхрѕЮ рѕєріљ рѕѕріарІІрЅѓрІјрЅй рѕЮрЅ╣ рЅ░рІ░рѕГрїј рІерЅ░рІўрїІрїђ рѕѕрѕЏрїйрІ│рЅх рЅђрѕІрѕЇ Cooking_Lunch_Box Material Stainless Steel Plastic Power 40W Voltage 220V Capicity 1.05L Rice Box 0.6L, Dish Box 0.45L Package_Includes 1 Lunch Box 1 Home Adapter 1 Car Adapter Available_Color Blue, Green, Orange, Red рІІрїІрЇд 1,550 рЅЦрѕГ рЅдрѕГрѕ│ рІерѕѕрІЅрѕЮ  ріГрЇЇрІФрІјріЋ_ рІЋрЅЃрІЅ _ріЦрїЁрІј рѕ▓рІ░рѕГрѕх_ріерЇѕрѕѕрїЅ_рЅаріФрѕй_ріарѕЇрІФрѕЮ_рЅарѕърЅБрІГрѕЇ_рЅБріЋріфріЋрїЇ_рѕўрЇѕрЇђрѕЮ_рІГрЅйрѕІрѕЅ рЅарЅ░рїерѕЏрѕф ріе_1000_рЅЦрѕГ рЅарѕІрІГ рІерѕџрЅ░рѕўріЉ рѕЂрѕѕрЅх_рІЋрЅЃрІјрЅйріЋ_ рѕ▓рїѕрІЎ рѕхрїдрЅ│ ріЦріЋрѕЇріГрѕѕрІјрЅ│рѕѕріЋ  T.meLeyueqa рЅ╗ріЊрѕІрЅйріЋріЋ рѕѕрїЊрІ░ріЏрІј рѕИрѕГ рѕЏрІхрѕерїЇрІјріЋ ріарІГрѕГрѕ▒ 0933334444 LeMazez_z 0944109295 Lemaze_z 0946242424 Le_Mazez",рІеріцрѕїріГрЅхрѕфріГ рѕЏрѕърЅѓрІФ рІФрѕѕрІЇ рІерѕЮрѕ│ ріЦрЅЃ  ріерІџрѕЁ рЅаріІрѕІ рІерІФрІЮріЕрЅх рѕЮрїЇрЅЦ рІГрЅђрІўрЅЁрІЮрЅЦріЏрѕЇ рЅЦрѕѕрІЇ ріарІГрѕхрїЅ рЅарЅбрѕ«рІј рІЇрѕхрїЦ рѕѕрѕЇрїєрЅй рЅхрѕЮрѕЁрѕГрЅх рЅцрЅх рЅарѕЏріЋріЏрІЅрѕЮ рѕ░ріарЅх рЅарѕЏріЋріЏрІЅрѕЮ рїірІю ріЋрЇЂ ріЦріЊ рЅхріЕрѕх рѕЮрїЇрЅЦ рІГрѕўрїѕрЅА рѕѕ рѕЁрЇЃріЊрЅхрѕЮ рѕєріљ рѕѕріарІІрЅѓрІјрЅй рѕЮрЅ╣ рЅ░рІ░рѕГрїј рІерЅ░рІўрїІрїђ рѕѕрѕЏрїйрІ│рЅх рЅђрѕІрѕЇ рІІрїІрЇд рЅЦрѕГ рЅдрѕГрѕ│ рІерѕѕрІЅрѕЮ  ріГрЇЇрІФрІјріЋ рІЋрЅЃрІЅ ріЦрїЁрІј рѕ▓рІ░рѕГрѕх ріерЇѕрѕѕрїЅ рЅаріФрѕй ріарѕЇрІФрѕЮ рЅарѕърЅБрІГрѕЇ рЅБріЋріфріЋрїЇ рѕўрЇѕрЇђрѕЮ рІГрЅйрѕІрѕЅ рЅарЅ░рїерѕЏрѕф ріе рЅЦрѕГ рЅарѕІрІГ рІерѕџрЅ░рѕўріЉ рѕЂрѕѕрЅх рІЋрЅЃрІјрЅйріЋ рѕ▓рїѕрІЎ рѕхрїдрЅ│ ріЦріЋрѕЇріГрѕѕрІјрЅ│рѕѕріЋ рЅ╗ріЊрѕІрЅйріЋріЋ рѕѕрїЊрІ░ріЏрІј рѕИрѕГ рѕЏрІхрѕерїЇрІјріЋ ріарІГрѕГрѕ▒
Leyueqa,7551,2025-06-11T08:22:59+00:00,"­ЪћЮ­ЪћЮ­ЪћЮріљрїГ рѕйріЋріЕрѕГрЅх рѕўрѕІрїфрІФ ріЦріЊ рІерѕйріЋріЕрѕГрЅх рІерѕхрїІ рѕўрЇЇрїфрІФ┬а Kitchen Expert 3 in 1 Chopper and Garlic Peeler

­ЪЉЅ3 рѕірЅхрѕГ рІерѕџрІГрІЎ рѕЂрѕѕрЅх рЅІрЅХрЅй
­ЪЉЅ ріаріЋрІ▒ рІерЅЦрѕерЅх ріаріЋрІ▒ рІ░рїЇрѕъ рІѕрЇЇрѕФрѕЮ рїарѕГрѕЎрѕх
­ЪЉЅ рЅБрѕѕ 4 рѕЮрѕІрїГ ріЦріЊ рЅБрѕѕ 2 рѕЮрѕІрїГ рѕўрЇЇрїфрІФ рІФрѕѕрІЇ
­ЪЉЅ рѕхрїІрЇБ рїерїЊрѕФрЇБ ріарЅхріГрѕЇрЅхрЇБ рЅђрІГ рѕйріЋріЕрѕГрЅхрЇБріљрїГ рѕйріЋріЕрѕГрЅх рІГрЇѕрїЕрЅарЅ│рѕЇ
­ЪЉЅ рІерІ░рѕерЅђ ріЦріЊ рІерЅ░рЇѕрѕѕрЇѕрѕѕ ріљрїГ рѕйріЋріЕрѕГрЅх рїѕрѕѕрЅБ┬а рѕўрѕІрїфрІФ рІФрѕѕрІЇ
­ЪЉЅ рЅ░рїерѕЏрѕф ріаріЋрІх рѕўрЅђрІерѕфрІФ рЅБрѕѕ 4 рѕЮрѕІрїГ рІФрѕѕрІЇ
­ЪЉЅрЅБрѕѕ 3 рЇЋрѕгрѕх рѕўрЇЇрїфрІФ

рІІрїІ ­ЪЉЅ3900

ріеріљрЇЃ рІ▓рѕірЅерѕф рїІрѕГ
#ріГрЇЇрІФрІјріЋ_рЅарѕърЅБрІГрѕЇ_рЅБріЋріфріЋрїЇ_рѕўрЇѕрЇђрѕЮрѕЮ_рІГрЅйрѕІрѕЅ рЅарЅ░рїерѕЏрѕф #ріе_1000_рЅЦрѕГ рЅарѕІрІГ рІерѕєріЉ #рѕЂрѕѕрЅх_рІЋрЅЃрІјрЅй рѕ▓рїѕрІЎ рѕхрїдрЅ│ ріЦріЋрѕЇріГрѕѕрІјрЅ│рѕѕріЋ 
­ЪјЂ T.me/Leyueqa ­ЪЉѕрЅ╗ріЊрѕІрЅйріЋріЋ рѕѕрїЊрІ░ріЏрІј рѕИрѕГ рѕЏрІхрѕерїЇрІјріЋ ріарІГрѕГрѕ▒ 

┬а┬а┬а┬а┬а┬а┬а┬а┬а┬а┬а 0933334444 @Leyustore
┬а┬а┬а┬а┬а┬а┬а┬а┬а┬а┬а 0944109295 @Lemaze_z
┬а┬а┬а┬а┬а┬а┬а┬а┬а┬а┬а 0946242424 @Le_Mazez",True,document,,ріљрїГ рѕйріЋріЕрѕГрЅх рѕўрѕІрїфрІФ ріЦріЊ рІерѕйріЋріЕрѕГрЅх рІерѕхрїІ рѕўрЇЇрїфрІФ Kitchen Expert 3 in 1 Chopper and Garlic Peeler 3 рѕірЅхрѕГ рІерѕџрІГрІЎ рѕЂрѕѕрЅх рЅІрЅХрЅй  ріаріЋрІ▒ рІерЅЦрѕерЅх ріаріЋрІ▒ рІ░рїЇрѕъ рІѕрЇЇрѕФрѕЮ рїарѕГрѕЎрѕх  рЅБрѕѕ 4 рѕЮрѕІрїГ ріЦріЊ рЅБрѕѕ 2 рѕЮрѕІрїГ рѕўрЇЇрїфрІФ рІФрѕѕрІЇ  рѕхрїІрЇБ рїерїЊрѕФрЇБ ріарЅхріГрѕЇрЅхрЇБ рЅђрІГ рѕйріЋріЕрѕГрЅхрЇБріљрїГ рѕйріЋріЕрѕГрЅх рІГрЇѕрїЕрЅарЅ│рѕЇ  рІерІ░рѕерЅђ ріЦріЊ рІерЅ░рЇѕрѕѕрЇѕрѕѕ ріљрїГ рѕйріЋріЕрѕГрЅх рїѕрѕѕрЅБ рѕўрѕІрїфрІФ рІФрѕѕрІЇ  рЅ░рїерѕЏрѕф ріаріЋрІх рѕўрЅђрІерѕфрІФ рЅБрѕѕ 4 рѕЮрѕІрїГ рІФрѕѕрІЇ рЅБрѕѕ 3 рЇЋрѕгрѕх рѕўрЇЇрїфрІФ рІІрїІ 3900 ріеріљрЇЃ рІ▓рѕірЅерѕф рїІрѕГ ріГрЇЇрІФрІјріЋ_рЅарѕърЅБрІГрѕЇ_рЅБріЋріфріЋрїЇ_рѕўрЇѕрЇђрѕЮрѕЮ_рІГрЅйрѕІрѕЅ рЅарЅ░рїерѕЏрѕф ріе_1000_рЅЦрѕГ рЅарѕІрІГ рІерѕєріЉ рѕЂрѕѕрЅх_рІЋрЅЃрІјрЅй рѕ▓рїѕрІЎ рѕхрїдрЅ│ ріЦріЋрѕЇріГрѕѕрІјрЅ│рѕѕріЋ  T.meLeyueqa рЅ╗ріЊрѕІрЅйріЋріЋ рѕѕрїЊрІ░ріЏрІј рѕИрѕГ рѕЏрІхрѕерїЇрІјріЋ ріарІГрѕГрѕ▒ 0933334444 Leyustore 0944109295 Lemaze_z 0946242424 Le_Mazez,ріљрїГ рѕйріЋріЕрѕГрЅх рѕўрѕІрїфрІФ ріЦріЊ рІерѕйріЋріЕрѕГрЅх рІерѕхрїІ рѕўрЇЇрїфрІФ рѕірЅхрѕГ рІерѕџрІГрІЎ рѕЂрѕѕрЅх рЅІрЅХрЅй  ріаріЋрІ▒ рІерЅЦрѕерЅх ріаріЋрІ▒ рІ░рїЇрѕъ рІѕрЇЇрѕФрѕЮ рїарѕГрѕЎрѕх  рЅБрѕѕ рѕЮрѕІрїГ ріЦріЊ рЅБрѕѕ рѕЮрѕІрїГ рѕўрЇЇрїфрІФ рІФрѕѕрІЇ  рѕхрїІрЇБ рїерїЊрѕФрЇБ ріарЅхріГрѕЇрЅхрЇБ рЅђрІГ рѕйріЋріЕрѕГрЅхрЇБріљрїГ рѕйріЋріЕрѕГрЅх рІГрЇѕрїЕрЅарЅ│рѕЇ  рІерІ░рѕерЅђ ріЦріЊ рІерЅ░рЇѕрѕѕрЇѕрѕѕ ріљрїГ рѕйріЋріЕрѕГрЅх рїѕрѕѕрЅБ рѕўрѕІрїфрІФ рІФрѕѕрІЇ  рЅ░рїерѕЏрѕф ріаріЋрІх рѕўрЅђрІерѕфрІФ рЅБрѕѕ рѕЮрѕІрїГ рІФрѕѕрІЇ рЅБрѕѕ рЇЋрѕгрѕх рѕўрЇЇрїфрІФ рІІрїІ ріеріљрЇЃ рІ▓рѕірЅерѕф рїІрѕГ ріГрЇЇрІФрІјріЋ рЅарѕърЅБрІГрѕЇ рЅБріЋріфріЋрїЇ рѕўрЇѕрЇђрѕЮрѕЮ рІГрЅйрѕІрѕЅ рЅарЅ░рїерѕЏрѕф ріе рЅЦрѕГ рЅарѕІрІГ рІерѕєріЉ рѕЂрѕѕрЅх рІЋрЅЃрІјрЅй рѕ▓рїѕрІЎ рѕхрїдрЅ│ ріЦріЋрѕЇріГрѕѕрІјрЅ│рѕѕріЋ рЅ╗ріЊрѕІрЅйріЋріЋ рѕѕрїЊрІ░ріЏрІј рѕИрѕГ рѕЏрІхрѕерїЇрІјріЋ ріарІГрѕГрѕ▒
